date,open,high,low,close,volume
1445879100000,1854.57,1854.58,1854.37,1854.5,5.858
1445879160000,1854.5,1855.32,1854.4,1854.77,34.92
1445879220000,1854.77,1855.25,1854.69,1854.91,34.923
1445879280000,1854.96,1855.2,1854.82,1855.2,46.361
1445879340000,1855.19,1855.31,1854.09,1855.12,47.522
1445879400000,1855.12,1856.0,1855.0,1855.37,97.786
1445879460000,1855.36,1855.45,1855.17,1855.21,33.381
1445879520000,1855.22,1856.0,1855.16,1855.31,75.782
1445879580000,1855.32,1855.64,1855.16,1855.16,37.074
1445879640000,1855.16,1856.0,1855.16,1855.37,101.248
1445879700000,1855.17,1855.38,1855.16,1855.21,26.91
1445879760000,1855.21,1855.33,1854.71,1855.2,64.56
1445879820000,1855.2,1855.38,1854.17,1854.52,68.667
1445879880000,1854.52,1855.29,1854.0,1854.39,154.191
1445879940000,1854.42,1854.71,1854.0,1854.6,117.529
1445880000000,1854.6,1855.0,1854.03,1854.81,70.09
1445880060000,1854.81,1854.81,1854.15,1854.52,94.046
1445880120000,1854.52,1854.52,1854.14,1854.44,33.438
1445880180000,1854.44,1855.0,1854.43,1854.62,35.947
1445880240000,1854.62,1855.0,1854.62,1855.0,38.484
1445880300000,1854.97,1855.16,1854.76,1854.91,79.218
1445880360000,1854.91,1855.16,1854.33,1855.02,58.789
1445880420000,1854.94,1855.76,1854.94,1855.15,59.995
1445880480000,1855.16,1855.86,1854.91,1855.42,104.579
1445880540000,1855.42,1855.56,1855.16,1855.28,34.64
1445880600000,1855.21,1855.8,1855.19,1855.51,22.161
1445880660000,1855.51,1855.51,1855.13,1855.34,24.134
1445880720000,1855.34,1855.52,1854.0,1854.0,170.885
1445880780000,1854.0,1854.33,1853.16,1853.22,188.118
1445880840000,1853.22,1855.31,1852.88,1854.67,202.717
1445880900000,1854.67,1855.93,1854.65,1855.58,230.42
1445880960000,1855.58,1855.59,1855.05,1855.39,35.855
1445881020000,1855.28,1855.28,1855.05,1855.21,17.864
1445881080000,1855.22,1855.42,1854.29,1854.41,32.789
1445881140000,1854.35,1854.88,1854.08,1854.46,41.639
1445881200000,1854.54,1854.76,1853.6,1853.6,76.512
1445881260000,1853.56,1853.6,1852.16,1852.54,276.708
1445881320000,1852.42,1853.25,1852.16,1852.83,207.372
1445881440000,1852.83,1853.64,1852.83,1853.31,38.561
1445881500000,1853.31,1854.0,1853.31,1853.82,72.603
1445881560000,1853.68,1854.26,1853.54,1853.86,31.551
1445881620000,1853.85,1853.85,1853.15,1853.44,45.48
1445881680000,1853.31,1853.31,1852.5,1852.78,71.725
1445881740000,1852.78,1854.1,1852.5,1853.36,115.501
1445881800000,1853.37,1853.65,1852.61,1853.04,51.094
1445881860000,1852.99,1853.25,1852.51,1853.14,41.536
1445881920000,1853.14,1853.14,1852.67,1852.69,7.881
1445881980000,1852.69,1852.72,1852.22,1852.56,69.395
1445882040000,1852.5,1852.54,1852.0,1852.28,34.081
1445882100000,1852.28,1852.5,1851.63,1852.33,72.977
1445882160000,1852.46,1852.47,1851.46,1852.41,47.01
1445882220000,1852.41,1852.83,1852.32,1852.5,21.434
1445882280000,1852.5,1852.5,1852.14,1852.37,6.677
1445882340000,1852.36,1852.78,1852.35,1852.59,25.338
1445882400000,1852.51,1852.61,1851.48,1852.18,34.083
1445882460000,1852.35,1852.68,1852.2,1852.6,10.183
1445882520000,1852.68,1853.0,1852.64,1852.93,31.233
1445882580000,1852.93,1853.95,1852.87,1853.6,127.869
1445882640000,1853.59,1853.59,1853.28,1853.46,33.408
1445882700000,1853.29,1853.83,1853.29,1853.44,75.902
1445882760000,1853.43,1854.51,1853.39,1853.7,63.631
1445883060000,1853.8,1853.94,1853.46,1853.6,42.694
1445883120000,1853.59,1853.67,1853.38,1853.4,15.824
1445883180000,1853.4,1853.78,1853.4,1853.69,48.123
1445883240000,1853.69,1853.69,1853.0,1853.38,56.375
1445883300000,1853.38,1853.65,1853.06,1853.42,45.636
1445883360000,1853.41,1853.8,1853.3,1853.79,36.424
1445883420000,1853.79,1855.57,1853.69,1854.79,205.035
1445883480000,1854.79,1854.79,1853.92,1854.4,34.833
1445883540000,1854.43,1855.93,1854.42,1854.82,104.575
1445883600000,1854.86,1855.53,1854.65,1854.99,58.539
1445883660000,1855.0,1855.1,1854.86,1855.06,21.884
1445883720000,1855.06,1855.15,1854.86,1855.15,14.132
1445883780000,1855.09,1855.2,1854.86,1855.0,13.944
1445883840000,1854.93,1855.79,1854.86,1855.11,60.978
1445883900000,1855.0,1855.18,1854.82,1854.83,46.042
1445883960000,1854.91,1855.06,1854.82,1855.01,42.943
1445884020000,1855.05,1855.65,1855.03,1855.04,36.342
1445884080000,1855.04,1855.09,1854.82,1854.82,42.34
1445884140000,1854.93,1855.04,1854.82,1854.89,35.107
1445884200000,1854.83,1855.04,1854.82,1854.92,22.5
1445884260000,1854.96,1855.04,1854.88,1855.04,43.439
1445884320000,1855.04,1855.52,1854.88,1855.11,44.254
1445884380000,1855.22,1855.53,1854.0,1854.0,124.769
1445884440000,1854.0,1854.05,1852.52,1853.43,197.892
1445884500000,1853.43,1853.55,1852.05,1853.15,113.527
1445884560000,1853.26,1854.31,1853.25,1853.48,93.387
1445884620000,1853.46,1853.58,1852.16,1852.84,81.195
1445884680000,1852.84,1853.06,1852.02,1852.35,110.487
1445884740000,1852.04,1852.35,1851.51,1851.75,109.125
1445884800000,1851.99,1852.0,1849.2,1849.29,515.968
1445884860000,1849.69,1853.0,1849.14,1850.91,298.55
1445884920000,1850.95,1850.95,1847.42,1847.94,195.538
1445884980000,1847.94,1851.19,1847.23,1848.22,256.09
1445885040000,1848.22,1848.73,1847.23,1847.25,197.614
1445885100000,1847.25,1851.23,1847.25,1850.3,195.1
1445885160000,1850.3,1850.68,1848.51,1848.92,94.689
1445885220000,1848.83,1848.86,1847.04,1847.34,124.241
1445885280000,1847.34,1850.1,1847.32,1850.0,165.674
1445885340000,1850.06,1851.18,1849.64,1850.37,161.478
1445885400000,1850.36,1850.36,1848.9,1848.9,168.058
1445885460000,1848.92,1849.48,1848.45,1849.09,87.545
1445885520000,1849.08,1850.7,1849.03,1850.19,112.648
1445885580000,1850.22,1850.67,1849.76,1849.92,74.592
1445885640000,1850.02,1850.06,1848.34,1848.73,82.529
1445885700000,1848.73,1849.76,1848.72,1849.72,94.842
1445885760000,1849.66,1849.71,1849.0,1849.0,63.268
1445885820000,1849.27,1849.27,1848.67,1848.75,36.032
1445885880000,1848.75,1848.76,1848.18,1848.34,83.427
1445885940000,1848.51,1849.02,1848.15,1848.92,45.466
1445886000000,1848.93,1849.0,1848.57,1848.87,24.099
1445886060000,1848.85,1848.85,1848.15,1848.62,45.902
1445886120000,1848.62,1849.12,1848.26,1849.01,61.102
1445886180000,1849.0,1849.97,1848.79,1849.37,90.384
1445886240000,1849.53,1850.0,1849.31,1849.66,85.989
1445886300000,1849.66,1850.69,1849.02,1850.19,181.673
1445886360000,1850.19,1850.37,1849.59,1850.27,69.303
1445886420000,1850.28,1852.0,1850.06,1850.55,164.457
1445886480000,1850.54,1850.92,1850.21,1850.49,81.438
1445886540000,1850.47,1850.55,1850.24,1850.55,17.644
1445886600000,1850.53,1851.74,1850.01,1850.78,65.183
1445886660000,1850.78,1850.96,1850.67,1850.95,17.532
1445886720000,1850.95,1850.95,1850.08,1850.45,69.224
1445886780000,1850.46,1850.5,1849.09,1849.59,67.961
1445886840000,1849.59,1849.61,1847.89,1848.83,149.861
1445886900000,1848.83,1849.0,1848.0,1848.82,131.021
1445886960000,1848.82,1849.0,1848.0,1848.5,124.306
1445887020000,1848.5,1850.23,1848.49,1850.22,116.973
1445887080000,1849.76,1850.95,1849.61,1850.86,181.677
1445887140000,1850.88,1851.0,1850.0,1850.07,56.981
1445887200000,1850.16,1850.16,1849.0,1849.23,78.423
1445887260000,1849.23,1849.28,1847.0,1848.23,130.753
1445887320000,1848.23,1848.28,1847.3,1847.87,65.039
1445887380000,1847.85,1847.86,1846.35,1846.55,140.846
1445887440000,1846.65,1847.0,1846.24,1846.52,119.665
1445887500000,1846.59,1847.0,1846.16,1846.74,73.424
1445887560000,1846.74,1848.2,1846.74,1847.67,160.503
1445887620000,1847.67,1847.7,1846.99,1847.27,43.819
1445887680000,1847.27,1847.31,1845.0,1845.0,285.171
1445887740000,1845.0,1846.95,1844.56,1846.55,261.921
1445887800000,1846.55,1847.2,1843.0,1843.35,288.843
1445887860000,1843.35,1844.66,1843.12,1844.01,138.857
1445887920000,1844.05,1847.17,1844.02,1845.74,237.166
1445887980000,1845.73,1846.24,1845.0,1845.55,81.542
1445888040000,1845.55,1846.58,1845.22,1845.6,211.723
1445888100000,1845.6,1845.86,1845.13,1845.17,34.736
1445888160000,1845.18,1845.96,1843.71,1843.74,208.025
1445888220000,1843.74,1846.4,1843.74,1845.33,112.189
1445888280000,1845.33,1845.4,1844.3,1845.4,116.397
1445888340000,1845.32,1845.4,1844.62,1845.05,56.095
1445888400000,1845.07,1845.5,1844.64,1845.44,94.625
1445888460000,1845.36,1845.66,1844.3,1845.2,73.653
1445888520000,1845.36,1846.02,1845.01,1846.01,121.004
1445888580000,1846.0,1846.9,1846.0,1846.46,93.484
1445888640000,1846.48,1846.48,1845.3,1846.1,36.227
1445888700000,1846.14,1846.14,1845.58,1845.9,28.314
1445888760000,1845.9,1846.0,1845.55,1845.7,33.139
1445888820000,1845.7,1845.9,1845.53,1845.9,50.684
1445888880000,1845.89,1845.9,1845.46,1845.9,45.871
1445888940000,1845.9,1845.9,1845.0,1845.61,56.605
1445889000000,1845.62,1845.9,1845.6,1845.88,52.14
1445889060000,1845.88,1845.9,1845.7,1845.9,39.988
1445889120000,1845.9,1845.9,1845.85,1845.9,18.99
1445889180000,1845.9,1845.9,1845.0,1845.37,89.774
1445889240000,1845.49,1845.51,1844.57,1844.62,74.766
1445889300000,1844.6,1844.68,1840.01,1842.95,488.719
1445889360000,1842.95,1843.29,1842.54,1842.97,138.194
1445889420000,1842.82,1845.0,1842.8,1844.45,185.96
1445889480000,1844.45,1845.0,1842.54,1842.97,160.712
1445889540000,1842.88,1845.88,1842.36,1845.06,135.847
1445889600000,1845.06,1846.0,1845.06,1845.75,40.577
1445889660000,1845.81,1848.88,1845.65,1846.35,429.427
1445889720000,1846.43,1847.58,1846.38,1847.34,75.132
1445889780000,1847.38,1848.17,1847.38,1848.15,61.529
1445889840000,1848.16,1848.17,1847.45,1847.66,62.667
1445889900000,1847.67,1847.79,1847.21,1847.23,64.164
1445889960000,1847.34,1847.37,1846.63,1846.67,52.727
1445890020000,1846.67,1848.17,1846.62,1848.16,88.876
1445890080000,1848.16,1848.5,1847.59,1847.87,84.391
1445890140000,1847.83,1849.84,1847.83,1849.26,278.095
1445890200000,1849.3,1850.66,1849.29,1850.4,220.21
1445890260000,1850.21,1850.41,1850.0,1850.36,56.177
1445890320000,1850.36,1850.41,1850.0,1850.37,106.432
1445890380000,1850.27,1851.17,1850.11,1850.34,119.022
1445890440000,1850.21,1851.14,1850.13,1851.0,116.085
1445890500000,1851.01,1851.49,1850.57,1851.03,50.93
1445890560000,1851.06,1851.87,1851.04,1851.38,66.247
1445890620000,1851.37,1852.69,1851.24,1852.05,168.262
1445890680000,1852.05,1852.98,1851.82,1852.47,130.335
1445890740000,1852.47,1852.55,1852.0,1852.17,92.465
1445890800000,1852.17,1852.49,1852.0,1852.4,76.642
1445890860000,1852.4,1854.0,1852.2,1853.36,133.618
1445890920000,1853.33,1853.35,1852.03,1852.03,90.039
1445890980000,1852.03,1853.0,1852.0,1852.76,46.175
1445891040000,1852.68,1853.7,1852.56,1853.04,68.334
1445891100000,1853.12,1853.33,1852.59,1852.66,28.434
1445891160000,1852.67,1852.74,1852.03,1852.32,21.644
1445891220000,1852.2,1852.6,1852.11,1852.6,19.272
1445891280000,1852.4,1852.55,1852.0,1852.19,21.762
1445891340000,1852.23,1852.6,1852.0,1852.33,17.951
1445891400000,1852.33,1852.6,1852.0,1852.0,61.084
1445891460000,1852.0,1852.0,1850.0,1850.5,131.639
1445891520000,1850.5,1851.32,1850.03,1850.94,82.256
1445891580000,1850.97,1852.13,1850.96,1851.88,55.518
1445891640000,1852.0,1852.13,1851.84,1851.98,7.945
1445891700000,1851.88,1851.96,1851.31,1851.37,34.997
1445891760000,1851.36,1853.0,1851.0,1852.48,81.873
1445891820000,1852.71,1852.92,1852.52,1852.62,20.147
1445891880000,1852.62,1852.66,1851.01,1851.63,37.66
1445891940000,1851.64,1854.57,1851.62,1854.01,241.35
1445892000000,1854.01,1854.75,1853.83,1854.4,80.389
1445892060000,1854.4,1856.31,1854.11,1856.02,163.44
1445892120000,1856.02,1856.73,1855.21,1855.72,198.192
1445892180000,1855.71,1858.93,1855.31,1858.42,237.138
1445892240000,1858.35,1859.21,1858.0,1859.2,82.739
1445892300000,1859.25,1860.09,1858.99,1859.66,164.184
1445892360000,1859.66,1860.05,1858.04,1859.86,112.428
1445892420000,1860.01,1863.14,1859.34,1863.14,358.801
1445892480000,1863.14,1863.54,1861.46,1863.54,147.058
1445892540000,1863.3,1864.99,1862.66,1863.71,225.519
1445892600000,1863.71,1865.0,1863.0,1864.17,257.487
1445892660000,1864.17,1864.67,1862.81,1862.96,197.368
1445892720000,1863.02,1863.35,1862.02,1862.05,81.565
1445892780000,1862.07,1863.23,1862.0,1862.7,154.559
1445892840000,1862.71,1863.0,1861.25,1862.0,119.341
1445892900000,1862.01,1862.46,1861.57,1861.8,64.55
1445892960000,1861.8,1864.01,1860.43,1860.94,225.331
1445893020000,1860.95,1860.95,1859.81,1860.04,82.73
1445893080000,1860.1,1861.24,1860.1,1860.63,96.82
1445893140000,1860.63,1860.63,1859.67,1859.85,50.326
1445893200000,1859.97,1860.26,1859.6,1860.25,45.451
1445893260000,1860.25,1861.08,1860.08,1860.25,109.03
1445893320000,1860.25,1860.61,1859.46,1859.58,71.484
1445893380000,1859.58,1859.98,1859.45,1859.93,31.494
1445893440000,1859.93,1861.84,1859.92,1861.32,104.527
1445893500000,1861.33,1861.34,1858.55,1859.61,156.686
1445893560000,1859.57,1860.15,1859.19,1859.91,32.845
1445893620000,1859.78,1860.65,1859.55,1860.53,53.505
1445893680000,1860.64,1861.23,1860.64,1861.0,37.298
1445893740000,1861.23,1862.62,1861.0,1861.55,80.245
1445893800000,1861.46,1861.53,1860.01,1860.08,88.721
1445893860000,1860.21,1860.47,1859.99,1860.47,33.926
1445893920000,1860.46,1861.84,1860.41,1861.21,39.043
1445893980000,1861.14,1861.26,1860.65,1861.08,65.127
1445894040000,1861.08,1861.08,1860.0,1860.46,80.742
1445894100000,1860.46,1860.46,1859.76,1859.83,50.691
1445894160000,1859.85,1860.46,1859.06,1859.15,65.261
1445894220000,1859.15,1860.21,1858.86,1860.21,103.678
1445894280000,1860.32,1860.69,1860.0,1860.21,35.128
1445894340000,1860.22,1860.29,1859.6,1859.9,34.15
1445894400000,1859.86,1859.87,1859.68,1859.68,14.024
1445894460000,1859.68,1859.9,1859.54,1859.76,133.382
1445894520000,1859.76,1859.89,1859.55,1859.76,24.987
1445894580000,1859.73,1859.76,1859.0,1859.2,34.152
1445894640000,1859.15,1859.15,1858.74,1858.75,28.271
1445894700000,1858.75,1860.37,1858.75,1860.0,89.245
1445894760000,1859.91,1860.94,1859.91,1860.92,34.893
1445894820000,1860.93,1861.18,1858.47,1859.36,189.971
1445894880000,1858.98,1859.97,1858.5,1859.42,81.033
1445894940000,1859.41,1861.0,1859.41,1860.44,87.1
1445895000000,1860.61,1861.18,1859.77,1860.26,80.525
1445895060000,1860.26,1860.27,1859.92,1860.13,27.339
1445895120000,1860.13,1861.0,1860.11,1860.69,28.848
1445895180000,1860.67,1861.07,1860.41,1861.07,49.407
1445895240000,1861.07,1861.18,1860.74,1860.93,50.675
1445895300000,1860.72,1860.79,1860.19,1860.48,54.494
1445895360000,1860.48,1860.48,1858.05,1858.92,80.977
1445895420000,1858.98,1861.18,1858.59,1861.12,158.309
1445895480000,1861.14,1861.18,1860.87,1861.03,30.593
1445895540000,1860.94,1861.5,1860.79,1861.29,123.814
1445895600000,1861.36,1862.0,1861.04,1861.38,73.635
1445895660000,1861.32,1862.47,1861.21,1861.92,63.422
1445895720000,1861.92,1862.6,1861.9,1862.57,47.907
1445895780000,1862.6,1863.5,1862.33,1863.18,116.446
1445895840000,1863.18,1864.21,1863.16,1863.99,87.412
1445895900000,1863.98,1864.86,1863.46,1864.86,202.549
1445895960000,1864.86,1865.17,1864.0,1864.65,303.982
1445896020000,1864.84,1865.77,1864.6,1865.47,179.666
1445896080000,1865.47,1866.06,1865.21,1866.03,213.593
1445896140000,1866.0,1866.04,1864.63,1865.33,120.716
1445896200000,1865.31,1865.63,1863.58,1863.94,79.899
1445896260000,1863.85,1863.85,1863.0,1863.0,62.16
1445896320000,1863.0,1863.0,1862.3,1862.3,82.28
1445896380000,1862.35,1863.1,1862.3,1863.04,60.756
1445896440000,1863.04,1863.14,1862.69,1862.69,19.541
1445896500000,1862.69,1862.69,1861.25,1861.98,95.668
1445896560000,1862.26,1862.41,1861.67,1861.95,81.178
1445896620000,1861.95,1862.63,1861.95,1862.2,55.709
1445896680000,1862.2,1862.36,1861.8,1861.8,17.107
1445896740000,1861.81,1862.19,1861.2,1861.74,53.64
1445896800000,1861.75,1862.74,1861.56,1861.94,117.1
1445896860000,1861.96,1863.0,1861.35,1862.09,81.815
1445896920000,1862.09,1862.5,1861.77,1862.35,40.424
1445896980000,1862.43,1863.0,1862.22,1862.39,48.068
1445897040000,1862.39,1863.0,1861.81,1862.82,61.539
1445897100000,1862.99,1865.0,1862.96,1864.88,146.75
1445897160000,1864.91,1867.0,1864.4,1865.3,350.443
1445897220000,1865.3,1867.78,1865.15,1866.31,230.397
1445897280000,1866.34,1867.52,1865.69,1867.02,197.071
1445897340000,1867.02,1867.47,1865.67,1865.99,114.924
1445897400000,1865.98,1866.84,1864.91,1865.87,151.171
1445897460000,1865.86,1866.23,1864.32,1866.13,292.127
1445897520000,1866.12,1866.12,1863.0,1863.62,159.032
1445897580000,1863.62,1864.22,1863.0,1863.64,72.179
1445897640000,1863.63,1866.88,1863.63,1866.18,204.014
1445897700000,1866.18,1866.42,1864.03,1864.5,161.08
1445897760000,1864.32,1864.49,1863.19,1863.39,71.011
1445897820000,1863.39,1863.57,1863.14,1863.29,59.664
1445897880000,1863.35,1864.35,1863.35,1864.06,96.796
1445897940000,1864.06,1864.06,1863.54,1863.76,49.079
1445898000000,1863.7,1863.79,1863.34,1863.34,22.5
1445898060000,1863.34,1865.0,1863.34,1864.83,119.799
1445898120000,1864.88,1865.7,1864.88,1865.69,54.217
1445898180000,1865.7,1866.21,1865.46,1866.21,38.705
1445898240000,1866.21,1866.26,1866.21,1866.26,37.769
1445898300000,1866.26,1866.26,1864.21,1864.96,196.461
1445898360000,1864.95,1864.95,1864.46,1864.56,28.534
1445898420000,1864.82,1866.22,1864.82,1866.19,84.495
1445898480000,1865.78,1866.27,1864.03,1864.77,262.963
1445898540000,1864.78,1866.27,1864.78,1865.85,35.201
1445898600000,1865.85,1866.39,1863.76,1864.63,169.853
1445898660000,1864.43,1864.65,1862.12,1862.9,187.013
1445898720000,1862.86,1862.96,1861.82,1862.71,94.089
1445898780000,1862.71,1863.86,1862.71,1863.06,107.617
1445898840000,1863.07,1864.91,1863.02,1864.91,67.057
1445898900000,1864.63,1865.83,1864.0,1864.55,161.552
1445898960000,1864.52,1864.75,1863.34,1863.99,135.67
1445899020000,1863.99,1865.71,1863.7,1865.38,176.069
1445899080000,1865.29,1865.69,1862.42,1862.42,174.659
1445899140000,1862.42,1862.95,1862.07,1862.3,129.146
1445899200000,1862.3,1862.49,1861.95,1862.3,83.407
1445899260000,1862.3,1862.56,1861.65,1862.24,107.112
1445899320000,1862.24,1864.24,1862.2,1863.42,99.372
1445899380000,1863.42,1863.49,1862.38,1862.97,80.372
1445899440000,1862.97,1863.05,1862.4,1862.78,34.249
1445899500000,1862.81,1865.12,1862.55,1864.92,177.843
1445899560000,1864.92,1865.22,1864.0,1864.26,168.193
1445899620000,1864.24,1865.5,1863.31,1864.0,156.613
1445899680000,1864.0,1865.0,1863.99,1864.44,66.637
1445899740000,1864.46,1865.0,1864.14,1864.66,34.119
1445899800000,1864.72,1865.44,1864.55,1865.16,65.785
1445899860000,1865.16,1865.78,1864.58,1865.25,70.069
1445899920000,1865.25,1865.96,1865.16,1865.22,155.796
1445899980000,1865.29,1865.29,1865.16,1865.16,57.593
1445900040000,1865.16,1865.23,1864.07,1864.07,66.155
1445900100000,1864.07,1864.2,1864.0,1864.09,30.371
1445900160000,1864.09,1865.04,1864.0,1864.64,85.621
1445900220000,1864.69,1865.27,1864.25,1864.71,53.011
1445900280000,1864.75,1864.96,1864.45,1864.96,33.79
1445900340000,1864.96,1865.06,1864.01,1864.01,35.094
1445900400000,1864.17,1864.35,1863.33,1863.8,46.345
1445900460000,1863.8,1864.77,1863.34,1864.24,110.979
1445900520000,1864.27,1864.39,1863.33,1863.76,56.468
1445900580000,1863.78,1864.17,1863.31,1863.41,35.569
1445900640000,1863.41,1863.5,1862.93,1862.93,86.415
1445900700000,1863.0,1864.0,1862.76,1863.74,71.649
1445900760000,1863.67,1863.9,1863.49,1863.5,10.891
1445900820000,1863.5,1864.82,1863.5,1864.35,73.545
1445900880000,1864.34,1864.34,1863.88,1864.17,22.15
1445900940000,1864.2,1864.84,1864.11,1864.78,59.439
1445901000000,1864.78,1865.43,1864.49,1865.42,156.5
1445901060000,1865.27,1866.84,1865.17,1866.48,238.899
1445901120000,1866.48,1866.84,1866.0,1866.38,173.747
1445901180000,1866.38,1866.45,1864.8,1865.94,102.806
1445901240000,1865.91,1865.91,1865.0,1865.26,71.743
1445901300000,1865.3,1865.76,1865.2,1865.5,129.432
1445901360000,1865.46,1865.5,1864.58,1864.66,93.851
1445901420000,1864.64,1864.92,1863.5,1863.67,218.863
1445901480000,1863.68,1863.83,1862.33,1862.62,211.961
1445901540000,1862.34,1863.76,1862.11,1863.0,179.887
1445901600000,1862.99,1864.83,1862.73,1863.48,239.6
1445901660000,1863.48,1863.48,1863.0,1863.29,142.884
1445901720000,1863.3,1865.1,1863.13,1864.58,178.468
1445901780000,1864.84,1866.52,1864.35,1864.71,198.947
1445901840000,1864.64,1864.64,1863.4,1863.9,61.141
1445901900000,1863.82,1864.9,1863.61,1864.34,44.828
1445901960000,1864.34,1864.63,1863.31,1863.39,83.701
1445902020000,1863.48,1863.55,1863.22,1863.23,28.931
1445902080000,1863.41,1863.6,1863.13,1863.13,57.753
1445902140000,1863.13,1863.78,1863.13,1863.42,47.397
1445902200000,1863.34,1863.43,1863.13,1863.13,33.013
1445902260000,1863.14,1863.88,1863.13,1863.38,67.743
1445902320000,1863.42,1863.44,1863.23,1863.3,38.62
1445902380000,1863.3,1863.68,1863.09,1863.27,63.732
1445902440000,1863.27,1863.51,1863.25,1863.37,18.825
1445902500000,1863.37,1863.96,1863.23,1863.8,67.583
1445902560000,1863.87,1865.02,1863.69,1864.87,103.415
1445902620000,1864.89,1865.1,1864.0,1864.32,68.579
1445902680000,1864.37,1864.89,1864.2,1864.87,40.581
1445902740000,1864.86,1865.0,1864.7,1864.98,21.707
1445902800000,1865.0,1867.42,1865.0,1866.88,241.818
1445902860000,1866.88,1867.59,1865.7,1866.23,282.591
1445902920000,1866.28,1866.43,1865.92,1866.4,33.13
1445902980000,1866.35,1866.82,1865.87,1866.19,79.679
1445903040000,1866.2,1866.2,1865.7,1866.14,52.715
1445903100000,1866.14,1866.73,1866.14,1866.44,36.509
1445903160000,1866.46,1867.03,1866.38,1867.0,65.884
1445903220000,1867.0,1867.25,1867.0,1867.15,64.516
1445903340000,1866.82,1867.0,1866.5,1867.0,45.233
1445903400000,1867.0,1867.5,1866.78,1867.35,80.352
1445903460000,1867.35,1867.89,1867.35,1867.63,105.217
1445903520000,1867.63,1867.82,1867.35,1867.35,61.242
1445903580000,1867.35,1868.0,1866.98,1867.8,99.593
1445903640000,1867.8,1868.26,1867.49,1868.17,103.166
1445903700000,1868.17,1870.0,1867.92,1869.26,162.474
1445903760000,1869.52,1871.02,1869.0,1870.0,537.004
1445903820000,1870.0,1870.26,1867.72,1867.83,429.574
1445903880000,1868.15,1869.11,1867.74,1869.02,260.31
1445903940000,1868.72,1869.4,1868.46,1869.1,156.2
1445904000000,1868.97,1869.48,1867.79,1868.3,99.146
1445904060000,1868.31,1868.36,1866.59,1866.81,189.725
1445904120000,1866.81,1868.37,1866.39,1868.24,151.657
1445904180000,1867.99,1868.0,1866.3,1867.17,90.455
1445904240000,1867.17,1867.57,1867.0,1867.04,31.783
1445904300000,1867.04,1867.04,1866.18,1866.39,57.856
1445904360000,1866.36,1866.41,1866.0,1866.35,92.307
1445904420000,1866.29,1866.35,1865.39,1865.69,94.614
1445904480000,1865.65,1865.65,1865.42,1865.43,29.487
1445904540000,1865.45,1866.35,1865.23,1866.35,122.72
1445904600000,1866.15,1868.01,1866.14,1868.01,70.134
1445904660000,1868.05,1868.6,1868.05,1868.6,79.278
1445904720000,1868.6,1868.79,1867.0,1868.04,42.43
1445904780000,1868.06,1868.5,1868.06,1868.49,130.391
1445904840000,1868.45,1868.53,1868.35,1868.53,101.491
1445904900000,1868.53,1868.69,1867.7,1867.79,115.349
1445904960000,1867.79,1869.29,1867.3,1868.99,196.988
1445905020000,1869.0,1869.35,1868.53,1868.77,82.107
1445905080000,1868.77,1869.0,1868.21,1868.45,62.196
1445905140000,1868.49,1868.6,1868.0,1868.0,78.933
1445905200000,1868.0,1870.0,1867.93,1869.02,131.201
1445905260000,1869.01,1869.69,1868.91,1869.67,29.423
1445905320000,1869.67,1869.85,1869.2,1869.31,61.552
1445905380000,1869.31,1871.16,1869.2,1870.21,142.586
1445905440000,1870.23,1872.02,1870.01,1871.63,167.293
1445905500000,1871.83,1872.16,1871.41,1871.68,107.503
1445905560000,1871.98,1874.0,1871.53,1873.81,405.705
1445905620000,1873.81,1874.0,1872.46,1873.93,198.467
1445905680000,1873.97,1874.55,1872.0,1872.7,239.28
1445905740000,1872.15,1874.8,1871.13,1874.68,365.938
1445905800000,1874.68,1878.29,1874.15,1877.3,648.287
1445905860000,1877.33,1877.34,1874.0,1874.5,534.92
1445905920000,1874.49,1876.75,1874.13,1876.01,238.17
1445905980000,1876.01,1879.87,1875.99,1878.51,1279.692
1445906040000,1878.75,1882.22,1878.12,1881.92,807.026
1445906100000,1881.92,1883.06,1878.06,1879.2,754.856
1445906160000,1879.2,1879.69,1876.0,1877.96,290.921
1445906220000,1878.01,1883.0,1877.6,1882.82,516.867
1445906280000,1882.69,1886.88,1881.97,1885.38,558.89
1445906340000,1885.38,1887.9,1885.3,1887.67,395.465
1445906400000,1887.8,1888.0,1879.13,1883.77,951.105
1445906460000,1883.77,1886.64,1883.77,1884.22,454.493
1445906520000,1884.22,1884.9,1881.88,1882.84,320.268
1445906580000,1882.49,1882.6,1880.03,1880.48,514.91
1445906640000,1880.48,1884.66,1880.25,1884.66,379.702
1445906700000,1884.57,1888.0,1884.53,1888.0,630.821
1445906760000,1887.93,1889.91,1886.12,1887.79,605.864
1445906820000,1887.53,1889.0,1886.19,1887.2,648.04
1445906880000,1887.2,1888.99,1886.16,1887.53,564.872
1445906940000,1887.53,1887.53,1885.01,1885.28,394.254
1445907000000,1885.28,1885.76,1884.55,1884.85,357.867
1445907060000,1884.54,1887.75,1884.18,1886.37,620.76
1445907120000,1886.37,1894.94,1886.36,1894.5,1179.055
1445907180000,1894.61,1899.9,1894.5,1898.02,1262.606
1445907240000,1898.08,1899.14,1891.2,1893.51,852.511
1445907300000,1893.54,1898.0,1893.52,1895.93,749.391
1445907360000,1895.93,1895.93,1893.0,1893.31,760.848
1445907420000,1893.31,1896.29,1892.67,1894.2,677.322
1445907480000,1894.36,1895.1,1892.16,1894.05,361.576
1445907540000,1894.57,1898.18,1894.09,1897.84,793.173
1445907600000,1897.61,1903.81,1897.59,1903.0,1255.477
1445907660000,1902.99,1906.21,1901.92,1905.0,2465.137
1445907720000,1905.0,1907.0,1900.0,1901.32,905.991
1445907780000,1901.17,1904.89,1900.8,1903.29,760.077
1445907840000,1903.28,1905.22,1902.57,1905.21,855.855
1445907900000,1905.21,1908.0,1904.0,1905.03,1236.504
1445907960000,1905.27,1906.0,1901.0,1902.0,733.262
1445908020000,1902.0,1902.3,1898.01,1899.17,974.756
1445908080000,1899.17,1902.79,1899.0,1902.48,921.478
1445908140000,1902.48,1902.77,1899.4,1899.4,725.948
1445908200000,1899.57,1899.61,1896.32,1899.03,607.666
1445908260000,1899.03,1901.56,1899.02,1900.3,582.037
1445908320000,1900.3,1901.0,1898.0,1898.87,611.043
1445908380000,1898.53,1898.84,1894.92,1895.0,451.254
1445908440000,1894.99,1899.35,1894.97,1898.6,510.805
1445908500000,1898.69,1899.36,1896.34,1896.72,377.171
1445908560000,1896.74,1896.98,1894.56,1895.01,416.517
1445908620000,1895.0,1898.0,1895.0,1897.1,431.452
1445908680000,1897.1,1897.27,1894.51,1894.9,367.831
1445908740000,1894.91,1897.5,1894.67,1897.5,202.521
1445908800000,1897.39,1899.99,1897.39,1899.46,448.329
1445908860000,1899.46,1899.74,1896.6,1896.83,314.884
1445908920000,1896.82,1896.82,1894.99,1896.27,370.737
1445908980000,1896.19,1898.34,1896.19,1897.84,199.08
1445909040000,1897.4,1897.48,1895.44,1896.06,231.459
1445909100000,1896.06,1897.27,1895.16,1897.2,190.494
1445909160000,1897.27,1897.58,1895.98,1895.98,177.32
1445909220000,1895.98,1898.71,1895.92,1898.23,279.168
1445909280000,1898.27,1898.64,1896.47,1897.0,216.516
1445909340000,1897.07,1897.08,1895.91,1895.91,152.995
1445909400000,1895.91,1896.46,1895.52,1896.46,286.362
1445909460000,1896.21,1898.0,1895.52,1895.85,253.198
1445909520000,1895.65,1896.08,1894.53,1894.62,573.958
1445909580000,1894.68,1895.16,1894.54,1894.9,110.17
1445909640000,1894.92,1896.0,1894.92,1895.73,120.782
1445909700000,1895.72,1896.8,1895.44,1896.53,236.98
1445909760000,1896.61,1896.74,1895.65,1896.25,192.099
1445909820000,1896.25,1896.88,1896.25,1896.46,113.722
1445909880000,1896.45,1897.83,1896.44,1897.83,176.42
1445909940000,1897.83,1901.23,1897.58,1900.69,508.067
1445910000000,1900.69,1901.08,1899.15,1899.5,374.804
1445910060000,1899.61,1899.71,1898.06,1898.28,306.881
1445910120000,1898.29,1898.49,1894.8,1895.03,382.781
1445910180000,1895.03,1896.06,1893.0,1894.14,758.379
1445910240000,1894.32,1896.77,1894.13,1896.69,252.839
1445910300000,1896.69,1897.2,1895.99,1895.99,340.396
1445910360000,1895.98,1897.11,1895.37,1896.99,134.625
1445910420000,1896.99,1897.59,1896.15,1896.8,106.246
1445910480000,1896.8,1896.8,1896.0,1896.29,112.911
1445910540000,1896.29,1897.0,1896.0,1896.99,106.395
1445910600000,1896.87,1898.12,1896.85,1897.7,200.699
1445910660000,1897.7,1898.59,1897.36,1898.15,326.692
1445910720000,1898.15,1898.43,1897.5,1898.43,348.868
1445910780000,1898.43,1898.62,1896.88,1896.88,193.246
1445910840000,1897.01,1898.0,1896.61,1898.0,104.41
1445910900000,1898.0,1898.0,1896.76,1897.05,78.702
1445910960000,1897.05,1897.56,1896.01,1896.89,91.882
1445911020000,1896.89,1897.02,1896.63,1896.87,171.189
1445911080000,1896.87,1896.93,1896.25,1896.42,51.373
1445911140000,1896.42,1896.5,1895.0,1895.34,331.559
1445911200000,1895.2,1895.35,1893.88,1895.25,362.477
1445911260000,1895.25,1895.5,1894.88,1894.9,240.908
1445911320000,1895.01,1895.18,1894.41,1894.96,143.035
1445911440000,1894.94,1895.19,1894.84,1894.9,265.804
1445911500000,1894.9,1895.79,1894.86,1895.59,381.191
1445911560000,1895.67,1895.81,1894.84,1894.84,176.141
1445911620000,1894.84,1895.06,1894.8,1895.06,43.688
1445911680000,1894.92,1895.5,1894.76,1895.33,201.863
1445911740000,1895.33,1895.4,1892.9,1893.29,554.485
1445911800000,1893.52,1893.91,1891.6,1892.72,656.771
1445911860000,1893.11,1893.24,1891.94,1893.2,329.459
1445911920000,1893.19,1896.0,1893.04,1895.89,533.462
1445911980000,1895.89,1896.2,1894.96,1895.1,159.328
1445912040000,1895.11,1895.24,1894.24,1894.85,162.219
1445912100000,1894.85,1895.22,1894.33,1895.13,123.925
1445912160000,1895.13,1895.8,1894.95,1895.51,78.139
1445912220000,1895.51,1895.99,1895.3,1895.77,117.563
1445912280000,1895.76,1896.44,1895.51,1896.38,245.226
1445912340000,1896.38,1897.51,1896.23,1897.12,365.122
1445912400000,1897.21,1897.56,1896.0,1897.5,251.626
1445912460000,1897.5,1897.69,1897.19,1897.5,255.441
1445912520000,1897.5,1898.28,1897.3,1898.1,362.808
1445912580000,1898.1,1899.0,1897.98,1898.44,304.311
1445912640000,1898.44,1898.44,1897.3,1897.55,345.077
1445912700000,1897.59,1898.94,1897.45,1897.51,183.927
1445912760000,1897.51,1898.39,1897.33,1897.86,335.812
1445912820000,1897.98,1898.0,1896.52,1896.53,255.267
1445912880000,1896.53,1897.03,1895.74,1896.02,202.133
1445912940000,1896.1,1897.3,1896.1,1897.03,153.347
1445913060000,1897.13,1897.69,1897.09,1897.41,83.048
1445913120000,1897.54,1898.0,1897.5,1897.92,150.564
1445913180000,1897.92,1899.0,1897.66,1898.89,221.064
1445913240000,1898.89,1900.0,1898.46,1899.26,510.553
1445913300000,1899.26,1902.0,1899.24,1901.81,492.36
1445913360000,1901.87,1904.5,1901.7,1904.5,592.745
1445913480000,1906.34,1909.0,1906.34,1907.0,739.771
1445913540000,1907.4,1908.0,1904.54,1905.0,634.028
1445913600000,1905.0,1905.76,1903.81,1905.6,506.077
1445913660000,1905.68,1908.58,1905.46,1907.0,744.002
1445913720000,1907.0,1910.0,1906.59,1909.96,646.023
1445913840000,1913.62,1913.66,1908.0,1910.0,1098.864
1445913900000,1910.0,1915.0,1910.0,1915.0,818.938
1445913960000,1914.88,1917.0,1911.44,1913.0,1001.974
1445914020000,1913.0,1913.0,1908.47,1909.29,562.567
1445914080000,1909.29,1913.5,1909.0,1910.11,911.087
1445914140000,1910.26,1911.0,1908.6,1911.0,656.646
1445914200000,1911.0,1911.48,1909.6,1910.45,472.638
1445914260000,1910.46,1910.46,1905.89,1905.89,783.437
1445914320000,1906.23,1907.06,1904.03,1906.01,690.294
1445914380000,1906.01,1907.98,1905.55,1906.91,387.163
1445914440000,1906.86,1906.91,1903.1,1903.12,388.572
1445914500000,1903.12,1906.5,1903.1,1905.1,550.439
1445914560000,1905.07,1906.5,1904.0,1904.73,494.139
1445914620000,1904.73,1905.31,1903.7,1904.63,374.132
1445914680000,1904.57,1904.74,1902.74,1903.37,414.541
1445914740000,1903.4,1905.83,1903.32,1905.83,223.089
1445914800000,1905.64,1907.13,1904.77,1904.77,618.057
1445914860000,1904.77,1905.46,1904.52,1905.46,420.526
1445914920000,1905.46,1906.0,1905.38,1905.45,233.418
1445914980000,1905.45,1907.0,1904.52,1906.55,378.861
1445915040000,1906.55,1906.55,1903.09,1903.53,244.664
1445915100000,1903.44,1905.22,1903.38,1904.71,166.072
1445915160000,1904.7,1907.0,1904.68,1904.89,316.957
1445915220000,1904.98,1906.46,1904.86,1906.11,320.283
1445915280000,1906.02,1906.11,1904.5,1904.84,136.733
1445915340000,1904.8,1906.47,1904.63,1906.0,210.352
1445915400000,1906.0,1906.2,1905.48,1906.19,215.249
1445915460000,1906.19,1906.5,1904.63,1904.77,317.362
1445915520000,1904.63,1905.94,1904.19,1905.81,158.614
1445915580000,1905.81,1905.99,1904.61,1905.23,246.55
1445915640000,1905.24,1906.32,1905.0,1905.97,169.55
1445915700000,1906.01,1907.97,1906.0,1907.83,335.301
1445915760000,1907.83,1909.95,1907.82,1908.75,349.26
1445915820000,1908.73,1910.0,1907.07,1907.37,425.895
1445915880000,1907.37,1907.8,1906.0,1906.62,270.498
1445915940000,1906.4,1908.0,1905.98,1907.4,203.194
1445916000000,1907.39,1907.8,1906.0,1906.26,242.784
1445916060000,1906.1,1907.0,1905.98,1906.81,252.17
1445916120000,1906.93,1909.22,1906.81,1909.0,319.278
1445916180000,1908.87,1909.47,1907.24,1907.57,309.83
1445916240000,1907.57,1908.11,1905.45,1906.57,409.174
1445916300000,1906.57,1908.48,1906.48,1908.0,150.911
1445916360000,1908.0,1908.48,1907.84,1908.36,221.578
1445916420000,1908.2,1908.48,1907.99,1908.0,246.042
1445916480000,1908.0,1908.0,1906.0,1907.01,228.691
1445916540000,1906.95,1907.91,1906.87,1907.0,159.091
1445916600000,1907.0,1907.01,1905.2,1905.35,249.05
1445916660000,1905.35,1906.88,1904.64,1906.38,434.4
1445916720000,1906.38,1907.19,1905.41,1906.7,232.0
1445916780000,1906.69,1907.05,1905.5,1905.55,145.437
1445916840000,1905.55,1906.24,1905.5,1905.73,150.142
1445916900000,1905.73,1907.45,1905.69,1907.27,111.432
1445916960000,1907.32,1908.19,1907.17,1907.91,248.337
1445917020000,1907.91,1908.94,1907.86,1908.79,237.336
1445917080000,1908.79,1909.07,1908.0,1908.27,180.844
1445917140000,1908.3,1908.37,1907.21,1907.21,168.665
1445917200000,1907.21,1907.22,1906.1,1906.1,117.359
1445917260000,1906.1,1906.17,1905.0,1905.25,222.943
1445917320000,1905.25,1906.95,1904.71,1906.48,204.851
1445917380000,1906.46,1906.57,1905.67,1906.48,89.158
1445917440000,1906.52,1907.0,1905.4,1905.47,166.566
1445917500000,1905.47,1905.55,1904.5,1904.74,111.915
1445917560000,1904.72,1904.96,1903.15,1903.16,210.63
1445917620000,1903.15,1903.45,1901.2,1901.21,415.12
1445917680000,1901.43,1901.5,1898.66,1899.87,848.87
1445917740000,1899.7,1901.59,1899.0,1900.92,711.943
1445917800000,1900.95,1901.57,1898.33,1898.74,337.205
1445917860000,1898.68,1898.81,1896.37,1896.87,316.684
1445917920000,1896.75,1898.44,1894.0,1894.43,909.018
1445917980000,1894.43,1896.84,1893.41,1895.45,938.03
1445918040000,1896.06,1896.99,1894.01,1896.09,899.464
1445918100000,1896.21,1897.1,1895.71,1895.8,461.836
1445918160000,1895.8,1895.8,1890.0,1891.0,1539.156
1445918220000,1891.0,1894.51,1886.23,1887.01,1948.64
1445918280000,1887.01,1887.93,1881.0,1883.65,3086.449
1445918340000,1883.65,1887.94,1881.86,1887.07,1676.355
1445918400000,1887.53,1888.5,1885.01,1885.14,883.637
1445918460000,1885.14,1886.55,1885.0,1885.75,471.671
1445918520000,1885.96,1889.23,1885.52,1889.09,596.704
1445918580000,1889.09,1889.8,1887.26,1887.26,495.607
1445918640000,1887.65,1887.84,1885.5,1886.9,679.458
1445918700000,1886.9,1886.92,1885.0,1886.38,666.008
1445918760000,1886.38,1888.0,1886.0,1887.96,475.426
1445918820000,1887.96,1888.0,1885.67,1885.91,361.359
1445918880000,1885.8,1886.89,1885.0,1886.65,383.594
1445918940000,1886.65,1887.94,1885.59,1886.03,515.153
1445919000000,1886.03,1886.07,1884.5,1884.54,971.562
1445919060000,1884.51,1884.7,1878.8,1879.72,1294.215
1445919120000,1879.72,1879.96,1876.0,1877.88,1703.79
1445919180000,1877.87,1880.55,1877.75,1879.23,995.368
1445919240000,1879.3,1882.6,1879.3,1882.58,741.904
1445919300000,1882.45,1883.25,1880.79,1882.01,835.751
1445919360000,1882.01,1883.59,1882.01,1882.69,747.39
1445919420000,1882.99,1883.0,1878.3,1878.99,1253.906
1445919480000,1878.99,1879.0,1871.0,1872.44,3419.197
1445919540000,1872.12,1872.57,1866.8,1868.77,2600.934
1445919600000,1868.61,1873.99,1868.0,1872.0,1739.219
1445919660000,1872.0,1874.8,1871.1,1874.51,1525.317
1445919720000,1874.51,1876.59,1873.87,1876.44,964.901
1445919780000,1876.43,1876.43,1874.27,1875.05,1160.428
1445919840000,1874.89,1877.58,1874.28,1876.7,1036.488
1445919900000,1876.7,1877.33,1875.31,1875.87,626.804
1445919960000,1875.87,1876.8,1874.02,1876.76,725.286
1445920020000,1876.76,1878.45,1876.36,1877.0,844.418
1445920080000,1877.0,1877.24,1875.11,1876.6,367.481
1445920140000,1876.59,1877.3,1875.94,1876.53,319.978
1445920200000,1876.26,1878.48,1876.2,1877.78,490.186
1445920260000,1877.96,1879.0,1877.0,1877.56,746.609
1445920320000,1877.53,1877.99,1876.93,1877.73,354.865
1445920380000,1877.52,1878.94,1877.52,1878.04,244.495
1445920440000,1878.04,1878.42,1877.47,1877.98,195.123
1445920500000,1877.86,1877.97,1876.89,1877.16,506.662
1445920560000,1877.16,1878.14,1876.89,1877.42,288.959
1445920620000,1877.42,1877.42,1875.99,1877.22,205.119
1445920680000,1877.15,1877.32,1876.27,1876.87,173.54
1445920740000,1876.76,1877.83,1876.23,1877.57,470.628
1445920800000,1877.45,1879.32,1877.39,1879.3,398.085
1445920860000,1879.3,1879.73,1879.01,1879.5,305.096
1445920920000,1879.3,1879.9,1878.16,1879.51,629.253
1445920980000,1879.49,1880.61,1879.32,1879.88,293.101
1445921040000,1880.02,1881.0,1879.89,1880.55,401.451
1445921100000,1880.55,1880.86,1880.36,1880.49,217.741
1445921160000,1880.49,1880.69,1879.6,1879.84,318.61
1445921280000,1878.0,1879.3,1877.37,1878.47,368.459
1445921340000,1878.4,1878.83,1877.37,1877.66,242.89
1445921400000,1877.66,1878.0,1876.03,1876.16,730.848
1445921460000,1876.57,1878.45,1876.17,1877.59,570.041
1445921520000,1877.59,1878.58,1877.19,1878.49,406.81
1445921580000,1878.6,1880.01,1878.36,1880.0,312.481
1445921640000,1880.0,1881.0,1879.2,1881.0,1015.34
1445921700000,1880.95,1881.99,1880.95,1881.92,629.894
1445921760000,1881.87,1882.33,1881.72,1882.0,180.542
1445921820000,1882.01,1883.13,1882.0,1882.96,423.186
1445921880000,1882.96,1883.55,1882.63,1883.04,114.635
1445921940000,1883.04,1884.0,1883.0,1883.8,429.271
1445922000000,1883.94,1884.97,1883.67,1883.91,468.869
1445922060000,1883.91,1884.77,1883.11,1883.64,265.792
1445922120000,1883.61,1884.97,1881.11,1883.95,545.796
1445922180000,1883.95,1885.61,1883.35,1884.95,929.506
1445922240000,1884.78,1885.01,1883.0,1883.82,674.502
1445922300000,1883.78,1884.26,1882.49,1883.0,271.376
1445922360000,1883.0,1883.28,1881.01,1881.62,277.406
1445922420000,1881.62,1881.99,1880.2,1880.71,479.167
1445922480000,1880.65,1881.64,1880.01,1880.29,338.765
1445922540000,1880.29,1882.3,1880.02,1882.2,494.76
1445922600000,1882.29,1883.28,1882.19,1882.98,276.011
1445922660000,1882.95,1884.8,1882.92,1884.8,408.398
1445922720000,1884.8,1885.0,1884.26,1884.63,434.29
1445922780000,1884.7,1885.42,1884.26,1885.07,409.674
1445922840000,1885.1,1885.61,1885.0,1885.28,135.886
1445922900000,1885.24,1886.0,1885.0,1885.52,538.119
1445922960000,1885.51,1886.0,1884.45,1884.9,431.543
1445923020000,1884.9,1885.0,1883.0,1883.08,330.144
1445923080000,1883.08,1883.64,1882.9,1883.35,253.091
1445923140000,1883.35,1884.0,1882.72,1883.42,311.11
1445923200000,1883.42,1883.42,1882.66,1883.21,149.436
1445923260000,1883.21,1883.36,1882.9,1882.9,111.383
1445923320000,1882.9,1883.0,1882.0,1882.08,212.064
1445923380000,1882.08,1882.08,1880.0,1880.18,597.279
1445923440000,1880.12,1880.66,1878.81,1880.5,537.706
1445923500000,1880.5,1881.53,1880.24,1880.3,263.56
1445923560000,1880.3,1880.75,1879.83,1880.26,342.085
1445923620000,1880.37,1881.0,1879.01,1879.25,202.08
1445923680000,1879.25,1879.5,1877.0,1877.37,508.146
1445923740000,1877.52,1877.54,1875.0,1875.96,1138.547
1445923800000,1875.96,1876.14,1875.1,1875.75,499.641
1445923860000,1875.75,1877.8,1875.66,1876.18,660.949
1445923920000,1876.17,1878.29,1875.76,1878.03,513.249
1445923980000,1878.05,1878.78,1876.7,1877.55,244.782
1445924040000,1877.55,1878.0,1877.52,1878.0,121.157
1445924100000,1878.0,1878.13,1877.64,1878.06,302.166
1445924160000,1878.06,1879.5,1877.93,1879.44,323.258
1445924220000,1879.44,1880.72,1879.4,1880.25,511.95
1445924280000,1880.24,1880.81,1879.14,1879.37,268.23
1445924340000,1879.37,1879.79,1879.14,1879.52,145.445
1445924400000,1879.52,1880.77,1879.5,1880.63,346.741
1445924460000,1880.63,1882.63,1880.18,1882.1,325.23
1445924520000,1882.07,1882.71,1881.54,1882.6,203.218
1445924580000,1882.61,1884.14,1882.01,1883.67,225.022
1445924640000,1883.98,1884.99,1883.56,1884.85,404.648
1445924700000,1884.86,1885.42,1884.5,1884.8,586.321
1445924760000,1884.75,1886.49,1884.74,1886.0,675.749
1445924820000,1885.69,1887.94,1885.58,1887.31,905.624
1445924880000,1887.43,1890.0,1886.27,1889.52,1118.456
1445924940000,1889.63,1893.8,1889.43,1893.27,1545.769
1445925120000,1897.73,1902.0,1897.73,1901.0,2702.616
1445925180000,1901.51,1902.0,1897.47,1898.07,1669.033
1445925240000,1898.07,1899.93,1895.94,1897.48,1131.306
1445925300000,1897.48,1902.55,1897.03,1902.55,1700.986
1445925420000,1909.93,1912.0,1904.64,1905.61,1188.022
1445925480000,1905.61,1907.23,1900.1,1906.79,1378.167
1445925540000,1906.98,1907.38,1902.45,1904.07,929.997
1445925600000,1904.07,1910.49,1904.07,1909.95,1213.415
1445925660000,1909.81,1910.47,1903.52,1904.87,1006.352
1445925720000,1904.59,1906.57,1904.59,1906.06,664.8
1445925780000,1906.05,1907.0,1902.91,1903.38,871.547
1445925840000,1903.38,1903.38,1898.19,1899.4,997.436
1445925900000,1899.4,1902.97,1898.36,1902.43,837.273
1445925960000,1902.68,1902.85,1901.02,1902.2,252.757
1445926020000,1902.46,1904.67,1902.16,1904.42,369.66
1445926080000,1904.42,1904.42,1902.21,1902.4,425.812
1445926140000,1902.4,1902.84,1900.0,1901.0,605.252
1445926200000,1901.0,1904.71,1900.41,1904.57,1093.337
1445926320000,1901.46,1902.13,1900.0,1902.13,665.564
1445926380000,1902.15,1905.0,1902.0,1904.68,671.173
1445926440000,1904.68,1904.77,1900.03,1900.45,655.909
1445926500000,1900.48,1904.0,1899.82,1903.98,632.809
1445926560000,1904.0,1904.88,1903.0,1903.0,306.665
1445926620000,1902.93,1902.93,1901.01,1902.54,402.573
1445926680000,1902.76,1903.5,1901.0,1901.99,233.989
1445926740000,1902.01,1903.16,1900.56,1900.97,263.172
1445926800000,1900.97,1901.01,1900.0,1900.01,456.985
1445926860000,1900.01,1900.64,1897.4,1899.93,492.149
1445926920000,1899.93,1902.38,1899.93,1901.78,441.907
1445926980000,1901.78,1902.2,1900.78,1901.07,351.815
1445927040000,1901.02,1902.66,1901.01,1901.93,296.006
1445927100000,1901.94,1903.9,1901.05,1903.56,312.335
1445927160000,1903.56,1908.87,1903.52,1908.87,797.822
1445927220000,1908.87,1911.0,1907.0,1908.85,1384.477
1445927280000,1908.85,1908.85,1904.43,1905.52,886.249
1445927340000,1905.52,1906.33,1901.41,1903.0,664.458
1445927400000,1903.0,1905.02,1902.99,1904.1,488.348
1445927460000,1904.1,1904.1,1899.0,1899.94,652.384
1445927520000,1899.92,1901.2,1899.0,1900.65,586.838
1445927580000,1900.68,1901.85,1900.5,1900.89,437.849
1445927640000,1900.89,1900.95,1899.11,1899.63,344.442
1445927700000,1899.63,1899.68,1895.64,1897.3,844.312
1445927760000,1897.3,1897.47,1893.8,1895.08,731.556
1445927820000,1895.08,1898.5,1894.0,1898.0,835.216
1445927880000,1898.0,1898.0,1895.87,1896.1,289.438
1445927940000,1896.1,1897.87,1896.0,1897.13,543.35
1445928000000,1897.26,1898.5,1897.11,1897.8,383.09
1445928060000,1897.82,1897.82,1896.0,1896.37,416.135
1445928120000,1896.35,1898.0,1896.0,1897.85,161.844
1445928180000,1897.82,1899.4,1897.53,1898.33,590.265
1445928240000,1898.34,1898.87,1896.0,1896.76,355.256
1445928300000,1896.76,1897.78,1896.0,1897.45,321.617
1445928360000,1897.45,1897.49,1896.12,1897.14,211.191
1445928420000,1897.14,1901.0,1896.73,1899.48,557.565
1445928480000,1899.51,1900.91,1899.39,1900.3,386.382
1445928540000,1900.3,1900.44,1896.18,1896.77,549.685
1445928600000,1896.75,1897.88,1896.12,1897.88,242.035
1445928660000,1897.67,1900.0,1897.66,1897.9,511.204
1445928720000,1897.89,1897.99,1896.9,1897.22,376.199
1445928780000,1897.33,1898.91,1897.22,1898.71,233.617
1445928840000,1898.71,1900.0,1898.51,1899.55,483.704
1445928900000,1899.55,1899.62,1897.22,1898.21,405.903
1445928960000,1898.18,1899.0,1897.22,1897.53,248.703
1445929020000,1897.53,1897.69,1896.7,1897.08,378.516
1445929080000,1897.07,1897.28,1894.9,1894.91,552.309
1445929140000,1894.9,1895.0,1892.0,1893.5,778.61
1445929200000,1893.49,1895.31,1893.3,1894.9,510.68
1445929260000,1894.9,1896.08,1894.42,1895.41,523.558
1445929320000,1895.41,1895.7,1894.04,1895.7,251.748
1445929380000,1895.69,1896.98,1895.69,1896.55,228.99
1445929440000,1896.55,1897.3,1896.0,1896.27,252.685
1445929500000,1896.25,1896.37,1894.81,1894.95,323.627
1445929560000,1894.95,1896.5,1894.43,1895.7,444.327
1445929620000,1895.78,1897.0,1895.41,1896.85,321.92
1445929680000,1896.96,1897.76,1895.81,1896.53,458.584
1445929740000,1896.82,1897.37,1895.81,1897.15,462.901
1445929860000,1897.75,1900.0,1897.75,1899.7,476.232
1445929920000,1899.7,1900.87,1899.34,1900.34,792.921
1445929980000,1900.47,1900.67,1897.7,1898.07,365.814
1445930040000,1898.07,1899.0,1897.2,1897.93,270.901
1445930100000,1897.92,1898.69,1897.53,1898.25,169.046
1445930160000,1898.22,1898.78,1897.2,1898.45,359.931
1445930220000,1898.45,1898.6,1897.0,1897.0,213.945
1445930280000,1897.03,1897.51,1896.1,1896.64,355.866
1445930340000,1896.61,1896.69,1895.0,1895.16,526.335
1445930400000,1895.16,1895.37,1893.93,1893.94,169.221
1445930460000,1893.93,1894.0,1891.89,1892.58,271.709
1445930520000,1892.57,1892.57,1888.0,1889.86,693.936
1445930580000,1889.86,1891.0,1889.15,1889.73,578.932
1445930640000,1889.73,1889.73,1885.23,1886.12,648.953
1445930700000,1886.12,1886.2,1882.21,1882.24,1534.8
1445930760000,1883.08,1885.38,1882.0,1883.0,817.725
1445930820000,1883.0,1884.08,1877.17,1877.17,1483.931
1445930880000,1877.15,1884.95,1876.0,1882.6,1462.846
1445930940000,1882.55,1883.48,1882.0,1882.0,615.835
1445931000000,1882.0,1883.86,1881.57,1882.36,665.648
1445931060000,1882.35,1885.44,1882.35,1885.0,499.95
1445931120000,1885.0,1885.93,1885.0,1885.22,265.177
1445931180000,1885.22,1886.0,1881.96,1882.85,709.892
1445931240000,1882.85,1885.45,1880.0,1880.48,791.439
1445931300000,1880.48,1883.5,1879.9,1883.26,732.144
1445931360000,1883.22,1883.78,1882.6,1883.73,236.32
1445931420000,1883.73,1883.95,1882.61,1882.61,169.041
1445931480000,1882.55,1883.28,1878.13,1879.03,1048.982
1445931540000,1879.03,1882.4,1879.01,1881.51,492.727
1445931600000,1881.52,1881.56,1879.5,1879.61,422.108
1445931660000,1879.62,1881.2,1879.29,1880.76,593.95
1445931720000,1880.76,1881.48,1880.26,1880.38,168.679
1445931780000,1880.38,1880.38,1879.29,1880.02,444.59
1445931840000,1880.07,1880.75,1879.46,1880.66,369.774
1445931960000,1882.71,1884.34,1882.6,1884.33,738.363
1445932020000,1884.24,1884.8,1883.63,1884.33,744.979
1445932080000,1884.58,1885.14,1884.33,1884.83,374.069
1445932140000,1884.83,1884.84,1883.5,1884.32,591.79
1445932200000,1884.46,1884.83,1883.5,1884.24,485.921
1445932260000,1884.31,1884.55,1883.5,1883.97,162.208
1445932320000,1883.97,1884.42,1883.79,1884.23,207.1
1445932380000,1884.22,1884.8,1884.2,1884.23,396.281
1445932440000,1884.27,1884.41,1881.53,1881.68,672.15
1445932500000,1881.68,1882.13,1880.2,1880.66,720.302
1445932560000,1880.57,1880.96,1879.25,1879.25,753.571
1445932620000,1879.29,1879.59,1876.89,1876.9,1007.734
1445932680000,1877.15,1877.98,1875.0,1875.0,1715.737
1445932740000,1875.0,1876.41,1872.5,1875.95,1405.508
1445932800000,1875.95,1880.8,1875.94,1879.88,836.603
1445932860000,1879.9,1880.02,1878.91,1879.97,360.358
1445932920000,1879.97,1881.32,1879.89,1880.36,471.892
1445932980000,1880.36,1880.46,1879.07,1879.98,339.19
1445933040000,1879.96,1883.0,1879.95,1882.22,688.13
1445933100000,1882.26,1882.46,1881.06,1881.73,315.931
1445933160000,1881.73,1883.58,1880.69,1883.05,316.878
1445933220000,1883.05,1884.0,1882.5,1882.89,369.192
1445933280000,1882.9,1884.93,1882.79,1884.1,368.141
1445933340000,1884.1,1885.07,1883.98,1884.94,640.077
1445933400000,1884.94,1886.8,1884.94,1885.99,682.6
1445933460000,1885.99,1886.2,1884.96,1885.08,553.797
1445933520000,1885.08,1885.37,1885.0,1885.31,307.258
1445933580000,1885.31,1885.49,1885.01,1885.24,167.49
1445933640000,1885.24,1885.5,1885.0,1885.02,161.751
1445933700000,1885.0,1885.8,1883.4,1885.08,562.678
1445933760000,1885.08,1885.75,1885.0,1885.3,180.607
1445933820000,1885.3,1885.32,1883.99,1885.0,325.195
1445933880000,1884.99,1885.07,1884.6,1884.79,207.377
1445933940000,1884.79,1885.0,1884.3,1884.48,197.536
1445934000000,1884.48,1884.74,1883.32,1883.76,152.063
1445934060000,1883.74,1885.0,1883.64,1885.0,177.77
1445934120000,1885.0,1885.12,1884.46,1885.09,372.367
1445934180000,1885.09,1886.11,1884.91,1885.39,294.214
1445934240000,1885.39,1886.0,1885.0,1885.44,226.702
1445934300000,1885.49,1885.51,1885.03,1885.26,102.001
1445934360000,1885.26,1885.27,1883.22,1884.39,534.801
1445934420000,1884.4,1885.31,1883.67,1884.52,815.569
1445934480000,1884.52,1884.65,1882.8,1883.19,444.101
1445934540000,1883.43,1883.51,1882.5,1883.35,307.688
1445934600000,1883.22,1884.0,1883.0,1883.53,104.036
1445934660000,1883.53,1883.65,1883.0,1883.34,162.032
1445934720000,1883.33,1885.88,1883.11,1885.26,466.092
1445934780000,1885.26,1887.45,1884.99,1886.99,467.721
1445934840000,1887.16,1889.23,1887.16,1888.9,563.612
1445934900000,1888.8,1891.4,1887.06,1888.02,704.16
1445934960000,1888.11,1889.29,1886.19,1888.35,684.875
1445935020000,1888.36,1888.85,1888.05,1888.41,194.796
1445935080000,1888.51,1890.0,1888.41,1889.62,399.036
1445935140000,1889.62,1889.71,1888.32,1888.62,480.162
1445935200000,1888.62,1889.1,1888.2,1889.0,331.713
1445935260000,1889.0,1889.72,1889.0,1889.33,158.099
1445935320000,1889.33,1890.03,1887.4,1887.81,273.018
1445935380000,1887.54,1887.62,1886.37,1886.37,242.422
1445935440000,1886.37,1887.85,1885.91,1887.69,317.036
1445935500000,1887.6,1889.0,1887.06,1888.74,270.753
1445935560000,1888.74,1888.74,1887.51,1888.16,131.888
1445935620000,1888.16,1889.14,1887.4,1888.66,252.998
1445935680000,1888.74,1889.14,1888.31,1889.14,240.881
1445935740000,1889.14,1891.0,1888.92,1890.27,403.743
1445935800000,1890.33,1892.2,1889.98,1892.04,410.338
1445935860000,1892.15,1894.31,1892.0,1892.0,642.743
1445935920000,1892.0,1892.57,1888.6,1888.62,474.778
1445935980000,1889.02,1892.0,1888.63,1890.64,620.581
1445936040000,1890.68,1890.79,1888.56,1889.04,261.512
1445936100000,1889.02,1889.02,1886.0,1887.54,646.671
1445936160000,1887.54,1888.19,1887.0,1887.98,362.954
1445936220000,1887.86,1888.23,1885.84,1887.39,474.625
1445936280000,1887.39,1887.43,1885.52,1885.96,220.85
1445936340000,1885.96,1887.16,1885.53,1886.08,366.911
1445936400000,1886.07,1886.37,1883.5,1883.51,482.117
1445936460000,1883.79,1886.0,1882.88,1885.37,793.545
1445936520000,1885.37,1886.76,1885.0,1886.33,283.657
1445936580000,1886.33,1887.4,1886.31,1887.08,365.42
1445936640000,1887.07,1888.01,1886.45,1886.99,211.61
1445936700000,1886.97,1886.97,1885.55,1885.57,219.223
1445936760000,1885.57,1889.63,1885.57,1889.45,347.046
1445936820000,1889.45,1890.0,1887.46,1887.66,483.055
1445936880000,1887.51,1888.67,1887.46,1888.55,140.66
1445936940000,1888.55,1890.88,1888.41,1890.77,315.702
1445937000000,1890.78,1892.12,1890.46,1891.0,469.764
1445937060000,1891.0,1891.0,1889.8,1890.59,348.131
1445937120000,1890.59,1890.75,1889.73,1890.29,234.897
1445937180000,1890.3,1890.35,1889.01,1889.63,144.032
1445937240000,1889.63,1893.36,1889.57,1892.52,406.536
1445937300000,1892.64,1894.51,1892.39,1893.45,482.693
1445937360000,1893.45,1893.46,1889.53,1890.28,484.893
1445937420000,1890.28,1891.0,1890.01,1891.0,175.307
1445937480000,1891.0,1892.64,1890.44,1892.21,196.344
1445937540000,1892.2,1893.0,1891.0,1891.62,207.233
1445937600000,1891.62,1891.84,1889.41,1890.06,273.786
1445937660000,1890.26,1890.31,1888.65,1889.75,344.028
1445937720000,1889.52,1890.06,1888.88,1889.75,185.893
1445937780000,1889.74,1890.48,1889.62,1889.85,214.647
1445937840000,1889.8,1891.17,1889.8,1890.63,354.635
1445937900000,1890.61,1891.83,1890.48,1891.05,540.477
1445937960000,1890.99,1891.37,1889.88,1889.88,280.339
1445938020000,1890.24,1890.43,1888.12,1889.01,489.272
1445938080000,1889.01,1891.0,1888.8,1890.79,289.136
1445938140000,1890.84,1891.0,1890.7,1890.76,144.624
1445938200000,1890.76,1890.9,1889.02,1889.53,222.372
1445938260000,1889.53,1890.7,1889.01,1890.38,151.001
1445938320000,1890.4,1890.62,1889.58,1889.77,229.947
1445938380000,1889.77,1889.8,1886.2,1886.43,487.996
1445938440000,1886.43,1888.6,1885.1,1888.27,681.852
1445938500000,1887.9,1888.66,1886.64,1887.1,404.874
1445938560000,1887.07,1887.13,1885.0,1885.86,452.609
1445938620000,1885.86,1885.97,1882.6,1884.46,525.96
1445938680000,1884.46,1886.54,1884.01,1886.41,373.369
1445938740000,1886.41,1887.41,1886.15,1886.76,316.663
1445938800000,1886.76,1886.92,1884.9,1886.39,272.304
1445938860000,1886.3,1886.81,1884.7,1885.27,265.853
1445938920000,1885.26,1885.7,1883.5,1884.31,293.948
1445938980000,1884.31,1885.36,1883.07,1885.26,389.57
1445939040000,1885.25,1885.6,1884.52,1885.05,183.526
1445939100000,1885.04,1886.0,1885.03,1885.63,169.917
1445939160000,1885.67,1887.09,1885.66,1887.02,212.771
1445939220000,1887.01,1888.31,1887.01,1887.19,175.308
1445939280000,1887.19,1888.02,1886.73,1887.47,200.417
1445939340000,1887.51,1888.3,1887.06,1887.84,180.9
1445939400000,1887.84,1888.0,1886.17,1886.19,134.868
1445939460000,1886.19,1886.19,1884.57,1884.66,289.139
1445939520000,1884.87,1886.9,1884.0,1886.3,363.622
1445939580000,1886.39,1886.65,1885.19,1886.04,268.5
1445939640000,1886.04,1886.59,1884.92,1884.92,315.614
1445939700000,1884.92,1885.48,1884.62,1884.63,121.94
1445939760000,1884.62,1885.05,1884.62,1885.05,157.886
1445939820000,1885.05,1886.52,1885.05,1885.99,204.455
1445939880000,1886.01,1886.07,1883.8,1884.53,208.372
1445939940000,1884.51,1884.54,1884.0,1884.37,77.998
1445940000000,1884.37,1885.12,1883.73,1883.76,163.138
1445940060000,1883.76,1884.06,1881.65,1882.0,477.053
1445940120000,1881.96,1883.26,1881.71,1882.4,356.945
1445940180000,1882.79,1884.39,1882.32,1883.84,379.775
1445940300000,1884.2,1884.39,1882.95,1883.36,252.933
1445940360000,1883.31,1884.12,1883.05,1883.86,182.503
1445940420000,1883.86,1884.0,1882.55,1883.05,145.899
1445940480000,1883.03,1884.0,1883.0,1883.49,100.44
1445940540000,1883.51,1883.61,1881.96,1882.68,256.488
1445940600000,1882.67,1883.0,1881.81,1882.82,200.718
1445940660000,1882.82,1885.54,1882.65,1884.47,260.016
1445940720000,1884.47,1885.31,1884.35,1884.78,224.085
1445940780000,1884.78,1885.13,1884.52,1884.67,213.338
1445940840000,1884.67,1884.79,1882.58,1884.0,342.382
1445940900000,1884.0,1884.87,1883.51,1884.6,293.22
1445940960000,1884.66,1885.2,1884.56,1884.84,167.633
1445941020000,1884.83,1884.83,1884.06,1884.32,60.906
1445941080000,1884.32,1884.93,1884.12,1884.19,163.889
1445941140000,1884.19,1884.79,1883.22,1884.62,296.302
1445941200000,1884.62,1884.89,1884.22,1884.76,160.789
1445941320000,1885.31,1886.99,1885.31,1886.82,383.994
1445941380000,1886.7,1888.0,1885.8,1885.8,237.073
1445941440000,1887.02,1887.02,1885.6,1886.67,265.039
1445941500000,1886.67,1887.56,1886.11,1886.37,278.432
1445941560000,1886.38,1886.48,1885.94,1885.99,185.235
1445941620000,1885.97,1886.5,1885.54,1886.46,132.401
1445941680000,1886.49,1887.28,1886.36,1887.02,196.415
1445941740000,1887.02,1887.58,1887.01,1887.53,52.271
1445941800000,1887.53,1888.0,1886.5,1887.87,518.392
1445941860000,1887.87,1889.0,1887.31,1888.41,431.073
1445941920000,1888.43,1889.0,1888.42,1888.85,436.765
1445941980000,1888.8,1890.87,1888.54,1889.71,584.856
1445942040000,1889.98,1890.11,1888.47,1888.47,380.759
1445942100000,1888.47,1891.0,1888.47,1890.24,339.813
1445942160000,1890.25,1890.72,1887.0,1889.04,399.713
1445942220000,1889.06,1890.3,1888.67,1889.07,191.073
1445942280000,1889.03,1889.03,1886.29,1887.1,304.225
1445942340000,1887.1,1887.1,1885.2,1886.19,377.352
1445942400000,1886.19,1887.0,1885.0,1886.4,251.265
1445942460000,1886.01,1886.56,1885.44,1886.31,115.381
1445942520000,1886.31,1886.5,1885.92,1885.92,135.52
1445942580000,1885.97,1886.09,1884.51,1885.28,267.753
1445942640000,1885.23,1885.88,1884.3,1885.26,304.681
1445942700000,1885.26,1886.0,1884.86,1886.0,152.362
1445942760000,1886.03,1886.96,1885.91,1886.96,224.328
1445942820000,1886.96,1888.09,1886.86,1888.09,208.961
1445942940000,1888.48,1888.5,1887.27,1888.33,201.49
1445943000000,1888.33,1895.55,1887.84,1890.95,1434.35
1445943060000,1890.86,1894.0,1890.82,1893.44,563.147
1445943120000,1893.44,1893.44,1888.98,1889.79,478.18
1445943180000,1889.3,1890.87,1888.94,1890.21,352.636
1445943240000,1890.31,1891.0,1889.45,1889.5,306.571
1445943300000,1889.5,1889.5,1886.89,1888.52,393.056
1445943360000,1888.1,1889.89,1888.1,1889.69,234.722
1445943420000,1889.69,1890.14,1888.51,1888.56,207.113
1445943480000,1888.7,1888.7,1887.6,1887.92,191.351
1445943540000,1887.92,1888.05,1887.5,1887.64,52.054
1445943600000,1887.58,1887.58,1886.6,1887.06,137.683
1445943660000,1887.06,1887.65,1886.57,1887.05,207.946
1445943720000,1887.03,1888.39,1887.01,1887.65,180.979
1445943780000,1887.64,1887.71,1886.21,1886.83,164.057
1445943840000,1886.83,1887.72,1886.52,1886.84,150.135
1445943900000,1886.92,1888.19,1886.84,1887.56,146.518
1445943960000,1887.56,1889.0,1887.54,1888.92,152.525
1445944020000,1888.92,1889.58,1888.6,1889.27,352.45
1445944080000,1889.27,1889.88,1888.28,1888.74,280.433
1445944140000,1888.74,1889.9,1888.6,1888.67,201.02
1445944200000,1888.66,1890.0,1888.54,1888.67,159.537
1445944260000,1888.62,1888.92,1887.89,1887.89,209.93
1445944320000,1887.9,1889.76,1887.83,1889.02,237.403
1445944380000,1889.02,1889.46,1888.97,1889.23,59.804
1445944440000,1889.23,1890.0,1888.55,1888.78,176.729
1445944500000,1888.78,1889.98,1888.12,1888.43,152.471
1445944560000,1888.43,1888.65,1888.0,1888.15,107.761
1445944620000,1888.16,1890.02,1888.15,1889.81,319.551
1445944680000,1889.81,1889.88,1888.13,1889.15,325.04
1445944740000,1889.1,1889.53,1888.5,1889.47,127.864
1445944800000,1889.47,1889.62,1888.8,1888.96,126.489
1445944860000,1888.94,1889.34,1888.57,1889.25,184.996
1445944920000,1889.26,1889.38,1889.0,1889.07,50.926
1445944980000,1889.06,1889.5,1889.03,1889.48,42.636
1445945040000,1889.37,1889.82,1889.36,1889.82,75.147
1445945100000,1889.8,1890.21,1889.28,1889.47,311.611
1445945160000,1889.42,1889.47,1888.22,1888.5,139.936
1445945220000,1888.5,1888.59,1887.45,1887.89,373.205
1445945280000,1887.89,1890.54,1887.53,1890.37,363.487
1445945400000,1889.4,1890.0,1888.79,1889.1,249.705
1445945460000,1889.1,1890.33,1888.94,1889.65,171.626
1445945520000,1889.65,1889.65,1889.01,1889.53,90.565
1445945580000,1889.61,1890.72,1889.61,1890.29,89.73
1445945640000,1890.31,1890.32,1888.2,1888.4,175.565
1445945700000,1888.41,1891.14,1888.34,1890.68,294.804
1445945760000,1890.68,1892.77,1890.34,1891.8,418.084
1445945820000,1891.8,1896.0,1891.56,1895.51,1167.438
1445945880000,1895.51,1895.63,1892.63,1893.85,426.393
1445945940000,1893.86,1894.35,1892.93,1893.68,394.497
1445946000000,1893.7,1894.12,1892.17,1893.92,264.763
1445946060000,1893.92,1895.0,1893.91,1894.23,208.862
1445946120000,1894.79,1894.79,1892.55,1894.13,350.456
1445946180000,1894.13,1895.59,1894.09,1895.5,442.824
1445946240000,1895.56,1895.56,1893.88,1894.2,286.119
1445946300000,1894.3,1894.49,1893.77,1893.94,140.72
1445946360000,1893.94,1895.89,1893.89,1895.6,347.524
1445946420000,1895.87,1896.0,1894.55,1894.84,356.764
1445946480000,1894.85,1894.96,1894.0,1894.2,204.598
1445946540000,1894.26,1894.45,1892.92,1893.62,406.991
1445946600000,1893.63,1893.89,1892.42,1893.63,250.198
1445946660000,1893.63,1894.21,1892.98,1894.07,300.646
1445946720000,1894.07,1894.99,1893.91,1894.36,188.207
1445946780000,1894.36,1894.4,1893.2,1893.99,116.456
1445946840000,1893.99,1894.11,1893.78,1893.78,61.583
1445946900000,1893.78,1893.91,1892.8,1893.0,172.601
1445946960000,1893.0,1893.0,1891.13,1892.13,318.49
1445947020000,1892.35,1893.4,1892.07,1892.67,274.257
1445947080000,1892.65,1893.99,1892.6,1893.65,206.36
1445947140000,1893.65,1893.8,1893.09,1893.49,171.927
1445947200000,1893.47,1894.0,1893.42,1894.0,177.37
1445947260000,1894.0,1894.1,1893.61,1893.61,133.376
1445947320000,1893.61,1893.99,1893.49,1893.96,66.821
1445947380000,1893.97,1894.0,1891.54,1892.89,428.242
1445947440000,1892.9,1893.54,1892.38,1892.38,179.455
1445947500000,1892.5,1892.68,1891.81,1892.21,103.232
1445947560000,1892.0,1893.42,1892.0,1892.83,117.634
1445947620000,1892.99,1893.02,1892.31,1893.0,73.993
1445947680000,1892.94,1893.08,1892.25,1892.65,92.123
1445947740000,1892.69,1893.78,1892.69,1893.23,162.319
1445947800000,1893.21,1893.62,1892.0,1893.01,420.636
1445947860000,1893.01,1893.04,1892.0,1892.35,190.347
1445947920000,1892.35,1893.78,1892.24,1893.38,269.574
1445947980000,1893.38,1893.39,1892.32,1892.43,127.186
1445948040000,1892.51,1893.0,1892.51,1893.0,146.136
1445948100000,1892.98,1894.0,1892.97,1893.77,362.617
1445948160000,1893.77,1894.0,1893.3,1893.57,174.964
1445948220000,1893.52,1893.52,1892.44,1892.6,284.564
1445948280000,1892.6,1893.14,1892.4,1892.76,120.179
1445948340000,1892.76,1894.2,1892.74,1894.2,135.447
1445948400000,1894.2,1894.2,1890.0,1892.07,787.638
1445948460000,1892.07,1892.87,1887.88,1889.09,1366.548
1445948520000,1889.22,1889.44,1887.5,1887.83,852.738
1445948580000,1887.91,1891.6,1887.83,1889.25,993.87
1445948640000,1889.41,1890.95,1887.83,1889.37,674.327
1445948700000,1889.46,1890.99,1888.54,1889.89,574.141
1445948760000,1889.89,1890.35,1889.01,1890.35,429.268
1445948820000,1890.35,1891.14,1889.66,1890.4,376.127
1445948880000,1890.4,1891.31,1889.81,1891.01,168.383
1445948940000,1891.02,1892.0,1890.51,1891.69,275.634
1445949000000,1891.48,1892.22,1891.22,1891.97,335.945
1445949060000,1891.97,1892.0,1890.2,1890.46,244.566
1445949120000,1890.46,1890.94,1889.2,1889.4,394.53
1445949180000,1889.4,1889.59,1888.09,1888.47,753.79
1445949240000,1888.47,1889.32,1887.88,1888.41,408.98
1445949300000,1888.31,1889.99,1888.31,1889.0,403.705
1445949360000,1888.96,1889.0,1888.0,1888.12,203.662
1445949420000,1888.12,1888.26,1887.0,1887.97,367.898
1445949480000,1887.97,1889.3,1887.53,1889.07,182.11
1445949540000,1889.1,1890.0,1888.95,1889.7,196.698
1445949600000,1889.79,1890.0,1889.33,1889.82,152.23
1445949660000,1889.82,1890.05,1889.57,1889.57,118.775
1445949720000,1889.6,1891.49,1889.6,1891.08,290.272
1445949780000,1891.11,1892.9,1890.94,1892.62,286.92
1445949840000,1892.61,1893.78,1892.01,1893.44,456.314
1445949900000,1893.58,1895.51,1893.29,1895.48,637.37
1445949960000,1895.41,1898.26,1895.13,1897.99,1443.906
1445950020000,1897.98,1905.0,1895.77,1904.95,1751.585
1445950080000,1904.95,1907.1,1902.19,1907.02,2402.231
1445950140000,1907.02,1912.0,1907.02,1911.33,2433.556
1445950200000,1911.02,1911.57,1906.1,1910.0,1979.731
1445950260000,1909.46,1918.18,1909.46,1918.0,2290.177
1445950320000,1918.0,1918.18,1913.92,1914.03,2439.46
1445950380000,1914.03,1919.88,1914.02,1919.8,1475.07
1445950440000,1919.88,1920.91,1915.01,1919.66,3076.361
1445950500000,1919.92,1928.78,1917.76,1925.59,2262.771
1445950560000,1926.02,1926.23,1921.0,1923.06,2052.968
1445950620000,1923.06,1923.45,1918.0,1922.18,1315.878
1445950680000,1922.37,1923.01,1919.21,1919.52,1098.842
1445950740000,1920.0,1921.07,1919.0,1919.93,1344.259
1445950800000,1919.92,1928.88,1919.92,1928.57,1707.356
1445950860000,1928.57,1928.94,1923.1,1924.54,1512.691
1445950920000,1924.53,1927.0,1923.0,1926.0,1010.288
1445950980000,1926.0,1926.99,1924.0,1925.5,774.96
1445951040000,1925.35,1926.0,1922.16,1922.89,878.024
1445951100000,1922.89,1923.0,1918.0,1919.15,1234.609
1445951160000,1919.15,1920.42,1916.01,1920.42,987.223
1445951220000,1920.42,1922.0,1920.0,1920.85,1039.823
1445951280000,1920.86,1921.0,1920.0,1920.54,693.224
1445951340000,1920.54,1925.0,1920.53,1923.77,720.265
1445951400000,1923.76,1923.76,1920.0,1920.12,571.166
1445951460000,1920.12,1920.4,1918.9,1919.29,928.833
1445951520000,1919.29,1919.52,1918.1,1919.36,408.548
1445951580000,1919.41,1919.47,1917.0,1918.1,712.111
1445951640000,1918.11,1923.1,1917.67,1920.85,1045.5
1445951700000,1920.97,1922.12,1919.2,1919.49,830.659
1445951760000,1919.7,1921.02,1919.59,1920.7,582.649
1445951820000,1920.71,1920.87,1919.18,1919.61,302.777
1445951880000,1919.6,1919.61,1917.5,1918.0,892.333
1445951940000,1917.94,1919.5,1917.5,1919.5,528.404
1445952000000,1919.17,1920.77,1919.17,1920.7,766.396
1445952060000,1920.7,1921.95,1919.13,1920.68,832.621
1445952120000,1920.68,1920.8,1918.15,1919.8,645.741
1445952180000,1919.8,1923.0,1919.33,1922.55,1016.117
1445952240000,1922.79,1923.99,1921.0,1921.41,847.253
1445952300000,1921.41,1923.0,1920.01,1922.91,415.131
1445952360000,1922.99,1923.8,1920.91,1921.8,820.241
1445952420000,1921.74,1924.26,1921.59,1923.74,918.829
1445952480000,1923.74,1924.3,1922.61,1924.3,209.962
1445952540000,1924.3,1924.3,1921.05,1922.39,479.027
1445952600000,1922.39,1922.83,1921.36,1922.04,253.74
1445952660000,1922.04,1922.4,1920.91,1922.01,307.251
1445952720000,1922.01,1922.03,1920.8,1921.18,179.464
1445952780000,1921.17,1921.62,1919.69,1921.61,265.483
1445952840000,1921.61,1923.01,1921.2,1923.01,201.969
1445952900000,1923.0,1924.3,1922.84,1924.14,266.215
1445952960000,1924.29,1926.0,1922.5,1922.97,1421.585
1445953020000,1922.97,1924.0,1922.0,1924.0,354.591
1445953080000,1924.0,1927.51,1923.76,1927.28,647.144
1445953140000,1927.29,1932.0,1926.97,1931.78,1021.144
1445953200000,1931.14,1932.44,1926.07,1928.0,1204.923
1445953320000,1927.74,1927.74,1925.15,1927.0,514.917
1445953440000,1926.5,1927.68,1925.91,1926.83,518.913
1445953500000,1926.52,1929.0,1926.34,1927.43,527.827
1445953560000,1927.43,1927.73,1925.93,1927.7,382.823
1445953620000,1927.59,1928.49,1926.96,1927.6,287.647
1445953680000,1927.37,1927.9,1926.15,1926.56,348.242
1445953740000,1926.88,1927.41,1924.03,1924.04,329.175
1445953800000,1924.46,1924.5,1923.12,1923.58,374.552
1445953920000,1923.0,1923.48,1922.38,1922.77,353.021
1445953980000,1922.79,1923.0,1919.44,1919.91,515.682
1445954040000,1919.89,1923.0,1919.6,1921.1,504.826
1445954220000,1921.94,1922.0,1920.3,1920.94,296.95
1445954340000,1921.08,1921.15,1920.0,1920.41,262.284
1445954400000,1920.41,1920.65,1917.1,1917.81,507.803
1445954520000,1921.3,1923.38,1920.01,1923.06,589.856
1445954580000,1923.36,1924.57,1922.43,1922.77,614.824
1445954640000,1922.46,1922.88,1921.0,1922.25,356.324
1445954700000,1922.25,1923.99,1922.25,1923.97,393.369
1445954760000,1923.83,1924.5,1922.26,1922.26,357.398
1445954820000,1922.26,1923.36,1922.09,1922.51,302.009
1445954880000,1922.77,1923.5,1922.0,1922.03,224.019
1445954940000,1922.03,1922.32,1921.3,1921.94,300.41
1445955000000,1921.98,1922.88,1920.47,1921.5,379.197
1445955060000,1921.5,1922.47,1920.55,1922.47,357.738
1445955120000,1922.16,1922.67,1921.65,1922.0,125.778
1445955180000,1922.0,1922.9,1921.91,1922.33,207.912
1445955240000,1922.31,1924.84,1921.9,1922.9,543.403
1445955300000,1922.91,1922.91,1921.48,1922.0,240.408
1445955360000,1922.0,1922.57,1921.21,1921.98,184.436
1445955420000,1921.74,1922.56,1921.01,1921.99,185.633
1445955480000,1922.0,1923.0,1921.97,1922.94,193.331
1445955600000,1923.98,1925.0,1922.5,1924.39,601.399
1445955660000,1924.03,1926.86,1924.0,1926.86,372.748
1445955780000,1926.98,1928.0,1925.0,1928.0,623.2
1445955840000,1928.0,1929.0,1925.0,1927.01,644.257
1445955900000,1926.99,1931.34,1926.5,1931.0,826.032
1445956020000,1930.4,1930.69,1927.77,1929.0,467.772
1445956140000,1931.19,1934.28,1931.18,1933.69,626.432
1445956200000,1933.45,1939.89,1932.58,1935.39,1290.084
1445956320000,1936.41,1940.0,1936.26,1938.8,913.739
1445956440000,1944.77,1944.85,1935.56,1939.47,1097.376
1445956560000,1934.96,1939.09,1934.79,1939.09,1182.729
1445956620000,1939.0,1941.06,1938.82,1941.06,821.972
1445956740000,1937.82,1939.36,1937.5,1937.92,687.502
1445956920000,1931.96,1935.59,1931.96,1933.99,803.269
1445957100000,1930.0,1931.9,1929.95,1931.6,582.42
1445957160000,1931.6,1932.35,1926.3,1928.0,583.744
1445957220000,1928.14,1929.83,1928.0,1929.82,330.274
1445957280000,1929.82,1933.17,1929.56,1932.12,1087.122
1445957340000,1932.11,1932.55,1931.5,1932.0,341.591
1445957400000,1932.03,1932.42,1928.62,1928.91,492.051
1445957520000,1927.0,1927.52,1923.99,1924.68,520.878
1445957580000,1924.08,1924.67,1920.0,1920.3,701.271
1445957700000,1923.46,1924.0,1918.13,1918.2,841.995
1445957760000,1918.2,1921.67,1916.9,1921.07,892.421
1445957820000,1921.07,1921.8,1918.33,1918.33,672.569
1445957880000,1918.33,1919.22,1915.9,1918.11,489.407
1445958000000,1921.55,1921.9,1918.5,1918.61,640.864
1445958060000,1918.5,1920.9,1918.5,1919.31,299.213
1445958120000,1919.29,1922.3,1919.0,1921.82,358.749
1445958240000,1921.64,1923.52,1921.64,1922.0,355.112
1445958360000,1921.48,1921.52,1918.2,1918.2,458.832
1445958540000,1911.99,1915.48,1910.66,1915.0,1279.955
1445958600000,1915.12,1917.36,1915.0,1915.74,469.443
1445958720000,1912.48,1915.82,1910.6,1915.45,1035.726
1445958780000,1915.45,1918.0,1914.0,1917.06,639.291
1445959020000,1919.88,1921.05,1918.69,1919.54,433.292
1445959140000,1916.31,1919.0,1915.1,1919.0,277.941
1445959260000,1919.12,1920.61,1918.51,1920.33,547.708
1445959380000,1919.2,1919.35,1917.71,1917.71,350.184
1445959620000,1919.73,1919.95,1918.1,1918.3,126.692
1445959740000,1917.89,1917.9,1916.73,1916.86,150.055
1445959800000,1916.85,1916.88,1913.76,1914.7,747.275
1445959920000,1915.17,1915.49,1912.13,1912.64,552.81
1445960160000,1914.65,1917.72,1914.43,1917.0,675.185
1445960220000,1917.0,1919.0,1917.0,1917.9,476.791
1445960280000,1917.89,1918.0,1916.48,1917.96,273.401
1445960340000,1917.92,1918.9,1917.07,1918.21,208.944
1445960400000,1918.21,1920.0,1918.01,1920.0,319.081
1445960460000,1920.0,1922.37,1919.81,1921.08,909.897
1445960520000,1921.01,1921.3,1918.0,1918.87,320.255
1445960580000,1918.87,1918.87,1917.36,1917.52,104.715
1445960640000,1917.52,1918.01,1916.2,1916.85,178.141
1445960700000,1916.88,1918.57,1916.8,1918.26,174.953
1445960940000,1919.55,1920.59,1919.28,1920.01,218.367
1445961000000,1920.02,1920.54,1919.92,1920.29,111.502
1445961060000,1920.22,1920.37,1919.38,1919.44,112.855
1445961120000,1919.45,1921.2,1918.95,1921.15,319.437
1445961240000,1921.72,1922.4,1921.5,1921.95,278.136
1445961300000,1922.05,1922.74,1920.1,1922.4,260.691
1445961360000,1922.48,1922.9,1920.2,1921.81,268.545
1445961420000,1921.8,1923.0,1920.23,1922.52,245.697
1445961480000,1922.52,1922.82,1921.36,1922.67,200.164
1445961540000,1922.69,1923.0,1921.52,1921.63,150.472
1445961600000,1921.65,1921.96,1919.05,1919.6,293.721
1445961660000,1919.38,1920.07,1917.13,1918.62,296.47
1445961720000,1918.58,1918.62,1916.02,1917.0,431.653
1445961780000,1917.0,1918.9,1916.56,1917.85,288.553
1445961840000,1917.85,1918.56,1917.02,1917.95,267.197
1445961900000,1917.92,1919.04,1917.02,1917.7,235.847
1445961960000,1918.02,1918.06,1916.0,1916.42,257.507
1445962020000,1916.09,1917.24,1916.01,1917.1,178.924
1445962080000,1917.06,1918.68,1916.5,1917.67,354.191
1445962140000,1917.44,1918.35,1917.0,1918.35,232.98
1445962200000,1918.36,1918.68,1917.33,1917.96,326.01
1445962260000,1917.93,1918.48,1917.37,1918.0,176.274
1445962320000,1918.0,1919.0,1917.33,1917.77,273.338
1445962380000,1917.77,1918.0,1916.97,1917.48,317.872
1445962440000,1917.48,1918.14,1917.21,1918.0,275.277
1445962500000,1918.0,1918.47,1917.46,1918.37,134.295
1445962560000,1918.38,1919.5,1918.18,1919.48,200.197
1445962620000,1919.48,1920.96,1919.2,1920.65,157.742
1445962680000,1920.65,1922.57,1920.57,1922.5,217.003
1445962740000,1922.5,1923.5,1922.09,1923.01,220.209
1445962800000,1923.0,1924.39,1923.0,1923.79,440.082
1445962860000,1924.11,1927.78,1923.8,1924.98,559.013
1445962920000,1924.98,1927.77,1924.64,1926.93,395.16
1445962980000,1926.7,1928.29,1926.66,1927.23,342.057
1445963040000,1927.11,1927.36,1925.0,1925.0,310.733
1445963100000,1924.99,1925.23,1923.7,1925.22,297.239
1445963160000,1925.2,1927.46,1921.89,1925.47,440.903
1445963280000,1928.28,1930.29,1928.11,1929.67,557.383
1445963340000,1929.54,1934.8,1929.2,1930.59,697.919
1445963400000,1930.65,1931.99,1927.51,1927.51,360.996
1445963460000,1928.3,1929.83,1926.7,1927.94,343.372
1445963520000,1928.0,1929.99,1927.96,1929.72,314.651
1445963580000,1929.47,1929.96,1927.55,1927.55,244.559
1445963640000,1927.55,1929.0,1926.64,1927.0,247.942
1445963700000,1926.96,1927.0,1926.51,1926.53,62.113
1445963760000,1926.68,1926.81,1926.0,1926.01,69.395
1445963820000,1926.04,1927.0,1926.0,1926.16,139.855
1445963880000,1926.16,1927.0,1926.0,1927.0,170.461
1445963940000,1926.99,1929.66,1926.95,1928.9,444.215
1445964000000,1928.85,1929.0,1927.88,1928.6,185.102
1445964060000,1928.61,1929.0,1928.0,1928.25,248.216
1445964120000,1928.25,1928.25,1927.04,1927.46,79.478
1445964180000,1927.45,1927.45,1926.0,1927.0,317.244
1445964240000,1927.0,1927.81,1927.0,1927.29,88.689
1445964300000,1927.29,1928.38,1926.98,1928.11,96.436
1445964420000,1929.0,1930.0,1928.97,1929.88,171.9
1445964480000,1929.89,1932.82,1929.4,1932.4,315.171
1445964540000,1932.4,1934.25,1932.08,1932.99,399.828
1445964600000,1932.99,1933.0,1930.46,1931.3,322.858
1445964660000,1931.27,1932.58,1931.01,1932.58,122.856
1445964720000,1932.33,1934.14,1932.33,1932.98,235.088
1445964780000,1932.98,1933.05,1930.1,1930.98,179.117
1445964840000,1930.38,1930.8,1929.0,1929.55,231.734
1445964900000,1929.56,1931.33,1929.55,1930.29,327.927
1445964960000,1930.29,1930.72,1929.51,1929.81,199.974
1445965020000,1929.81,1929.98,1927.85,1928.26,127.75
1445965080000,1928.3,1928.45,1926.01,1926.11,263.985
1445965140000,1926.19,1926.47,1925.0,1925.44,227.984
1445965320000,1928.29,1929.34,1927.0,1927.38,228.427
1445965380000,1927.37,1927.87,1927.0,1927.54,47.402
1445965440000,1927.61,1930.29,1927.51,1929.96,206.836
1445965560000,1930.0,1930.0,1927.38,1927.81,116.245
1445965620000,1927.76,1928.75,1927.0,1928.36,169.116
1445965680000,1928.36,1930.88,1928.36,1930.38,381.055
1445965800000,1930.0,1930.01,1928.76,1929.52,107.102
1445965860000,1929.52,1931.07,1929.52,1930.24,93.704
1445965920000,1930.24,1931.04,1928.36,1930.5,245.878
1445965980000,1930.49,1931.98,1930.42,1931.6,129.677
1445966040000,1931.6,1934.93,1931.49,1932.33,233.385
1445966100000,1932.5,1932.66,1928.39,1928.98,258.048
1445966160000,1928.98,1930.44,1928.38,1930.44,265.553
1445966220000,1930.3,1932.11,1929.94,1932.08,111.441
1445966280000,1932.07,1932.31,1931.62,1932.06,254.407
1445966340000,1932.04,1932.04,1929.38,1929.39,213.128
1445966400000,1929.38,1930.99,1929.16,1930.39,208.158
1445966460000,1930.21,1931.05,1929.97,1930.48,107.626
1445966520000,1930.48,1930.48,1929.0,1929.46,194.678
1445966580000,1929.46,1929.56,1928.85,1929.39,47.418
1445966640000,1929.38,1929.58,1928.8,1929.09,55.56
1445966700000,1929.08,1929.81,1928.8,1929.74,98.799
1445966760000,1929.74,1934.99,1929.48,1930.35,339.126
1445966820000,1930.34,1930.37,1929.0,1930.2,109.452
1445966880000,1930.21,1931.99,1930.12,1931.61,105.113
1445966940000,1931.38,1931.38,1930.0,1930.53,98.435
1445967000000,1930.53,1930.53,1930.0,1930.39,42.283
1445967060000,1930.39,1930.39,1929.03,1929.12,61.245
1445967120000,1929.46,1929.47,1928.0,1928.16,141.797
1445967180000,1928.16,1929.0,1927.66,1928.23,133.768
1445967240000,1928.23,1929.29,1928.23,1929.25,86.655
1445967300000,1929.13,1931.0,1929.12,1930.68,135.765
1445967360000,1930.67,1930.8,1928.07,1928.32,146.71
1445967420000,1928.08,1929.23,1928.0,1929.23,62.391
1445967480000,1929.23,1930.29,1929.23,1929.82,50.946
1445967540000,1929.67,1930.23,1929.66,1930.23,32.407
1445967600000,1930.23,1931.0,1930.18,1930.61,63.23
1445967660000,1930.31,1932.95,1930.0,1932.32,180.717
1445967720000,1932.38,1933.26,1930.55,1931.92,255.25
1445967780000,1932.0,1933.0,1932.0,1932.82,157.213
1445967840000,1932.82,1934.6,1932.22,1934.1,193.416
1445967900000,1934.13,1934.99,1933.31,1933.58,223.237
1445967960000,1933.6,1934.82,1932.82,1934.82,130.735
1445968020000,1934.82,1935.0,1933.56,1933.81,172.618
1445968080000,1933.81,1935.0,1933.0,1935.0,179.59
1445968140000,1934.75,1936.0,1934.64,1935.7,232.489
1445968200000,1935.7,1935.99,1935.0,1935.29,113.189
1445968260000,1935.32,1936.25,1935.12,1936.25,70.682
1445968320000,1936.25,1938.0,1936.1,1937.98,192.155
1445968380000,1937.81,1938.89,1937.49,1938.44,238.83
1445968440000,1938.44,1938.73,1936.99,1937.0,181.984
1445968500000,1936.99,1938.84,1935.8,1938.24,159.813
1445968560000,1938.43,1938.9,1935.0,1936.22,106.543
1445968620000,1936.22,1936.23,1932.47,1933.43,208.167
1445968680000,1933.43,1934.87,1933.29,1934.86,145.009
1445968740000,1934.85,1936.41,1934.82,1935.59,112.856
1445968800000,1935.34,1935.66,1931.0,1932.52,167.172
1445968860000,1932.52,1932.84,1927.0,1928.37,307.362
1445968920000,1928.36,1928.73,1924.02,1924.69,409.562
1445968980000,1924.42,1924.42,1921.0,1921.0,361.418
1445969040000,1921.0,1923.67,1920.5,1920.67,445.75
1445969100000,1920.5,1921.62,1917.0,1920.9,681.0769
1445969160000,1920.9,1924.7,1920.75,1924.0,416.939
1445969220000,1924.0,1924.0,1919.3,1919.96,155.122
1445969340000,1922.12,1923.7,1921.91,1922.8,129.613
1445969400000,1922.74,1923.22,1922.6,1923.0,180.803
1445969460000,1922.9,1923.12,1920.52,1920.87,152.093
1445969520000,1920.95,1924.3,1920.13,1923.38,208.557
1445969580000,1923.31,1923.37,1921.69,1921.69,77.43
1445969700000,1921.75,1923.42,1921.69,1922.42,89.498
1445969760000,1922.39,1922.39,1921.5,1921.98,54.524
1445969820000,1921.98,1923.28,1921.93,1921.94,172.129
1445969880000,1921.94,1923.18,1921.7,1922.05,141.762
1445969940000,1922.05,1922.57,1921.22,1921.32,68.297
1445970060000,1921.44,1921.44,1920.96,1920.96,85.097
1445970120000,1920.96,1923.0,1920.93,1921.91,214.57
1445970180000,1921.91,1922.46,1921.17,1921.53,98.105
1445970240000,1921.53,1921.88,1920.29,1921.33,136.347
1445970300000,1921.33,1921.33,1920.69,1920.7,63.275
1445970360000,1920.81,1923.33,1920.7,1922.0,142.77
1445970420000,1922.09,1923.2,1921.29,1921.8,86.599
1445970480000,1921.42,1921.42,1921.0,1921.0,39.744
1445970540000,1921.07,1921.07,1918.01,1918.38,146.486
1445970600000,1918.3,1919.05,1918.0,1918.01,150.621
